Class,Board,Year,Category,Appeared,Passed
10th,Abbottabad,2024,Private,7573,4646
10th,Abbottabad,2024,Regular,64732,53335
10th,Abbottabad,2025,Private,7820,4472
10th,Abbottabad,2025,Regular,63809,53071
10th,Abbottabad,2026,Private,7954,5024
10th,Abbottabad,2026,Regular,64723,52928
10th,Bannu,2024,Private,5143,2841
10th,Bannu,2024,Regular,25370,21381
10th,Bannu,2025,Private,2660,1318
10th,Bannu,2025,Regular,24626,21817
10th,Bannu,2026,Private,2972,1971
10th,Bannu,2026,Regular,26268,23791
10th,FBISE,2024,Private,14173,7852
10th,FBISE,2024,Regular,113660,104899
10th,FBISE,2025,Private,17226,9562
10th,FBISE,2025,Regular,119619,111558
10th,FBISE,2026,Private,17728,10852
10th,FBISE,2026,Regular,122498,117218
10th,Faisalabad,2024,Private,27907,16400
10th,Faisalabad,2024,Regular,146661,122813
10th,Faisalabad,2025,Private,37056,22211
10th,Faisalabad,2025,Regular,136183,115737
10th,Faisalabad,2026,Private,44827,23786
10th,Faisalabad,2026,Regular,148098,120303
10th,Gujranwala,2024,Private,60201,36199
10th,Gujranwala,2024,Regular,164336,132055
10th,Gujranwala,2025,Private,73386,39992
10th,Gujranwala,2025,Regular,151685,118871
10th,Gujranwala,2026,Private,87213,46713
10th,Gujranwala,2026,Regular,154978,121553
10th,Kohat,2024,Private,3802,2788
10th,Kohat,2024,Regular,43730,39853
10th,Kohat,2025,Private,4170,2379
10th,Kohat,2025,Regular,45055,29616
10th,Kohat,2026,Private,8271,4155
10th,Kohat,2026,Regular,42867,19704
10th,Lahore,2024,Private,96736,52404
10th,Lahore,2024,Regular,153491,122133
10th,Lahore,2025,Private,112442,55788
10th,Lahore,2025,Regular,141570,110124
10th,Lahore,2026,Private,135423,66907
10th,Lahore,2026,Regular,146885,115279
10th,Mardan,2024,Private,4623,3185
10th,Mardan,2024,Regular,69814,63688
10th,Mardan,2025,Private,4647,2301
10th,Mardan,2025,Regular,72253,55579
10th,Mardan,2026,Private,4790,2981
10th,Mardan,2026,Regular,72754,59068
10th,Peshawar,2024,Private,6297,3498
10th,Peshawar,2024,Regular,80492,72592
10th,Peshawar,2025,Private,6847,3616
10th,Peshawar,2025,Regular,84742,72868
10th,Peshawar,2026,Private,7668,3530
10th,Peshawar,2026,Regular,87828,63458
10th,Sahiwal,2024,Private,16532,9358
10th,Sahiwal,2024,Regular,56627,43848
10th,Sahiwal,2025,Private,21248,10663
10th,Sahiwal,2025,Regular,50541,38017
10th,Sahiwal,2026,Private,26477,12833
10th,Sahiwal,2026,Regular,57682,41955
10th,Sargodha,2024,Private,17556,11462
10th,Sargodha,2024,Regular,79437,63811
10th,Sargodha,2026,Private,24798,12911
10th,Sargodha,2026,Regular,75813,55726
10th,Swat,2024,Private,3320,1675
10th,Swat,2024,Regular,42786,36560
10th,Swat,2026,Private,3844,2081
10th,Swat,2026,Regular,42640,34558
12th,Abbottabad,2024,Private,7907,5873
12th,Abbottabad,2024,Regular,30927,27447
12th,Abbottabad,2025,Private,7240,5071
12th,Abbottabad,2025,Regular,34812,31242
12th,Abbottabad,2026,Private,6861,4930
12th,Abbottabad,2026,Regular,38896,30888
12th,Bahawalpur,2024,Private,13638,5092
12th,Bahawalpur,2024,Regular,44022,29597
12th,Bahawalpur,2025,Private,12136,5174
12th,Bahawalpur,2025,Regular,43591,30230
12th,Bahawalpur,2026,Private,12343,4454
12th,Bahawalpur,2026,Regular,48249,31850
12th,Bannu,2026,Private,2935,1467
12th,Bannu,2026,Regular,14836,13017
12th,DG Khan,2024,Private,13954,7654
12th,DG Khan,2024,Regular,46148,34687
12th,DG Khan,2025,Private,12671,7818
12th,DG Khan,2025,Regular,43412,34167
12th,DG Khan,2026,Private,10554,6663
12th,DG Khan,2026,Regular,48689,36669
12th,FBISE,2024,Private,12897,7872
12th,FBISE,2024,Regular,76364,64781
12th,FBISE,2025,Private,15326,9279
12th,FBISE,2025,Regular,81195,70602
12th,FBISE,2026,Private,17607,9904
12th,FBISE,2026,Regular,85571,77460
12th,Faisalabad,2024,Private,23810,11378
12th,Faisalabad,2024,Regular,79459,62776
12th,Faisalabad,2025,Private,22749,11412
12th,Faisalabad,2025,Regular,81260,65249
12th,Faisalabad,2026,Private,22371,9691
12th,Faisalabad,2026,Regular,86873,68017
12th,Gujranwala,2024,Private,36546,15807
12th,Gujranwala,2024,Regular,106288,73212
12th,Gujranwala,2025,Private,33883,14550
12th,Gujranwala,2025,Regular,101927,71146
12th,Kohat,2025,Private,4299,2643
12th,Kohat,2025,Regular,25196,14165
12th,Kohat,2026,Private,6538,2868
12th,Kohat,2026,Regular,24956,6856
12th,Lahore,2024,Private,61004,24649
12th,Lahore,2024,Regular,129214,90336
12th,Lahore,2025,Private,53925,23058
12th,Lahore,2025,Regular,126404,86683
12th,Lahore,2026,Private,52459,24089
12th,Lahore,2026,Regular,136483,98748
12th,Mardan,2024,Private,7338,6457
12th,Mardan,2024,Regular,35535,33648
12th,Mardan,2025,Private,5802,4407
12th,Mardan,2025,Regular,39976,34267
12th,Mardan,2026,Private,5425,4027
12th,Mardan,2026,Regular,43825,35151
12th,Peshawar,2024,Private,10342,8382
12th,Peshawar,2024,Regular,50875,47735
12th,Peshawar,2025,Private,8381,5828
12th,Peshawar,2025,Regular,53941,39074
12th,Peshawar,2026,Private,10012,5283
12th,Peshawar,2026,Regular,56723,29820
12th,Rawalpindi,2024,Private,17034,5740
12th,Rawalpindi,2024,Regular,46200,30127
12th,Rawalpindi,2025,Private,16632,5200
12th,Rawalpindi,2025,Regular,42264,26666
12th,Rawalpindi,2026,Private,16039,6213
12th,Rawalpindi,2026,Regular,45327,30645
12th,Sahiwal,2024,Private,12458,4568
12th,Sahiwal,2024,Regular,33061,20609
12th,Sahiwal,2025,Private,11195,4131
12th,Sahiwal,2025,Regular,32046,21347
12th,Sahiwal,2026,Private,10674,4787
12th,Sahiwal,2026,Regular,35574,24081
12th,Sargodha,2024,Private,11421,5259
12th,Sargodha,2024,Regular,41036,30397
12th,Sargodha,2025,Private,10058,4971
12th,Sargodha,2025,Regular,39959,29457
12th,Sargodha,2026,Private,10670,4889
12th,Sargodha,2026,Regular,44364,33187
12th,Swat,2024,Private,6359,5534
12th,Swat,2024,Regular,27618,25021
12th,Swat,2025,Private,5246,4265
12th,Swat,2025,Regular,26906,22119
12th,Swat,2026,Private,4631,3024
12th,Swat,2026,Regular,27900,18159
9th,Abbottabad,2025,Private,4838,1591
9th,Abbottabad,2025,Regular,68621,42178
9th,Abbottabad,2026,Private,4609,2021
9th,Abbottabad,2026,Regular,67758,44198
9th,Bahawalpur,2025,Private,20113,6063
9th,Bahawalpur,2025,Regular,90324,41511
9th,Bahawalpur,2026,Private,19211,5067
9th,Bahawalpur,2026,Regular,86390,35544
9th,Bannu,2025,Private,3196,1353
9th,Bannu,2025,Regular,27043,19629
9th,Bannu,2026,Private,2561,1302
9th,Bannu,2026,Regular,28467,22333
9th,DG Khan,2025,Private,26736,13272
9th,DG Khan,2025,Regular,79118,47426
9th,DG Khan,2026,Private,26077,10150
9th,DG Khan,2026,Regular,79924,40931
9th,FBISE,2025,Private,13073,3020
9th,FBISE,2025,Regular,131483,86862
9th,FBISE,2026,Private,14313,2578
9th,FBISE,2026,Regular,133998,86068
9th,Faisalabad,2025,Private,30976,11003
9th,Faisalabad,2025,Regular,174206,94766
9th,Faisalabad,2026,Private,28443,9309
9th,Faisalabad,2026,Regular,168213,91399
9th,Gujranwala,2025,Private,76919,29842
9th,Gujranwala,2025,Regular,194544,104192
9th,Gujranwala,2026,Private,66349,22865
9th,Gujranwala,2026,Regular,183003,93101
9th,Kohat,2025,Private,2849,697
9th,Kohat,2025,Regular,48910,20792
9th,Kohat,2026,Private,1672,427
9th,Kohat,2026,Regular,44264,13592
9th,Lahore,2025,Private,116226,38806
9th,Lahore,2025,Regular,191847,100088
9th,Lahore,2026,Private,100412,33977
9th,Lahore,2026,Regular,180264,96566
9th,Mardan,2025,Private,2855,2702
9th,Mardan,2025,Regular,79811,79300
9th,Mardan,2026,Private,2674,2560
9th,Mardan,2026,Regular,79791,79209
9th,Peshawar,2025,Private,5575,5221
9th,Peshawar,2025,Regular,96313,95439
9th,Peshawar,2026,Private,5213,4958
9th,Peshawar,2026,Regular,92737,91992
9th,Rawalpindi,2025,Private,18157,4619
9th,Rawalpindi,2025,Regular,107832,49038
9th,Rawalpindi,2026,Private,16578,2997
9th,Rawalpindi,2026,Regular,105161,42727
9th,Sahiwal,2025,Private,23185,8514
9th,Sahiwal,2025,Regular,72849,35736
9th,Sahiwal,2026,Private,19196,6500
9th,Sahiwal,2026,Regular,67897,31303
9th,Sargodha,2025,Private,19052,7288
9th,Sargodha,2025,Regular,93440,44878
9th,Sargodha,2026,Private,16807,5887
9th,Sargodha,2026,Regular,90975,40038
9th,Swat,2026,Private,2294,600
9th,Swat,2026,Regular,47751,24208
