Class,Board,Year,Gender,Appeared,Passed
10th,Abbottabad,2024,Female,29508.0,22898.0
10th,Abbottabad,2024,Male,42797.0,35083.0
10th,Abbottabad,2025,Female,29328.0,23051.0
10th,Abbottabad,2025,Male,42301.0,34492.0
10th,Abbottabad,2026,Female,30010.0,22404.0
10th,Abbottabad,2026,Male,42667.0,35548.0
10th,Bahawalpur,2024,Female,49601.0,40584.0
10th,Bahawalpur,2024,Male,45639.0,31308.0
10th,Bahawalpur,2025,Female,48230.0,37072.0
10th,Bahawalpur,2025,Male,42263.0,25788.0
10th,Bahawalpur,2026,Female,50413.0,36928.0
10th,Bahawalpur,2026,Male,45832.0,26084.0
10th,Bannu,2024,Female,6712.0,5951.0
10th,Bannu,2024,Male,23801.0,18271.0
10th,Bannu,2025,Female,6335.0,5601.0
10th,Bannu,2025,Male,20951.0,17534.0
10th,Bannu,2026,Female,6996.0,6553.0
10th,Bannu,2026,Male,22244.0,19209.0
10th,DG Khan,2024,Female,42459.0,37010.0
10th,DG Khan,2024,Male,50769.0,39795.0
10th,DG Khan,2025,Female,42345.0,36644.0
10th,DG Khan,2025,Male,48835.0,37535.0
10th,DG Khan,2026,Female,44726.0,37591.0
10th,DG Khan,2026,Male,51756.0,37533.0
10th,FBISE,2024,Female,62181.0,56938.0
10th,FBISE,2024,Male,65652.0,55813.0
10th,FBISE,2025,Female,66284.0,60762.0
10th,FBISE,2025,Male,70561.0,60358.0
10th,FBISE,2026,Female,68586.0,64498.0
10th,FBISE,2026,Male,71640.0,63572.0
10th,Faisalabad,2024,Female,90334.0,75996.0
10th,Faisalabad,2024,Male,84234.0,63217.0
10th,Faisalabad,2025,Female,90870.0,76693.0
10th,Faisalabad,2025,Male,82369.0,61255.0
10th,Faisalabad,2026,Female,97633.0,77501.0
10th,Faisalabad,2026,Male,95292.0,66588.0
10th,Gujranwala,2024,Female,131041.0,104551.0
10th,Gujranwala,2024,Male,93496.0,63703.0
10th,Gujranwala,2025,Female,133281.0,103211.0
10th,Gujranwala,2025,Male,91790.0,55652.0
10th,Gujranwala,2026,Female,141622.0,106592.0
10th,Gujranwala,2026,Male,100569.0,61674.0
10th,Kohat,2024,Female,13464.0,12392.0
10th,Kohat,2024,Male,34068.0,30249.0
10th,Kohat,2025,Female,14041.0,11455.0
10th,Kohat,2025,Male,35184.0,20540.0
10th,Kohat,2026,Female,14486.0,9557.0
10th,Kohat,2026,Male,36652.0,14302.0
10th,Lahore,2024,Female,137188.0,103679.0
10th,Lahore,2024,Male,113039.0,70858.0
10th,Lahore,2025,Female,139607.0,101627.0
10th,Lahore,2025,Male,114405.0,64285.0
10th,Lahore,2026,Female,154372.0,111194.0
10th,Lahore,2026,Male,127936.0,70992.0
10th,Mardan,2024,Female,28364.0,26025.0
10th,Mardan,2024,Male,46073.0,40848.0
10th,Mardan,2025,Female,29120.0,23909.0
10th,Mardan,2025,Male,47780.0,33971.0
10th,Mardan,2026,Female,29718.0,24821.0
10th,Mardan,2026,Male,47826.0,37228.0
10th,Peshawar,2024,Female,29783.0,26794.0
10th,Peshawar,2024,Male,57006.0,49296.0
10th,Peshawar,2025,Female,31722.0,28105.0
10th,Peshawar,2025,Male,59867.0,48379.0
10th,Peshawar,2026,Female,33784.0,26656.0
10th,Peshawar,2026,Male,61712.0,40332.0
10th,Rawalpindi,2024,Female,59980.0,48338.0
10th,Rawalpindi,2024,Male,59285.0,39301.0
10th,Rawalpindi,2025,Female,60507.0,44703.0
10th,Rawalpindi,2025,Male,58786.0,30297.0
10th,Rawalpindi,2026,Female,61719.0,43317.0
10th,Rawalpindi,2026,Male,58692.0,30512.0
10th,Sahiwal,2024,Female,38584.0,29779.0
10th,Sahiwal,2024,Male,34575.0,23427.0
10th,Sahiwal,2025,Female,38271.0,28417.0
10th,Sahiwal,2025,Male,33518.0,20263.0
10th,Sahiwal,2026,Female,44081.0,31243.0
10th,Sahiwal,2026,Male,40078.0,23545.0
10th,Sargodha,2024,Female,46702.0,38343.0
10th,Sargodha,2024,Male,50291.0,36930.0
10th,Sargodha,2026,Female,49527.0,37167.0
10th,Sargodha,2026,Male,51084.0,31470.0
10th,Swat,2024,Female,14493.0,12797.0
10th,Swat,2024,Male,31613.0,25438.0
10th,Swat,2026,Female,14878.0,12699.0
10th,Swat,2026,Male,31606.0,23940.0
11th,Abbottabad,2024,Female,18574.0,14092.0
11th,Abbottabad,2024,Male,23755.0,16714.0
11th,Abbottabad,2025,Female,20679.0,14828.0
11th,Abbottabad,2025,Male,26940.0,15085.0
11th,Bahawalpur,2024,Female,29545.0,18016.0
11th,Bahawalpur,2024,Male,22313.0,9384.0
11th,Bahawalpur,2025,Female,32719.0,19642.0
11th,Bahawalpur,2025,Male,23669.0,10339.0
11th,DG Khan,2024,Female,24780.0,17680.0
11th,DG Khan,2024,Male,25594.0,14664.0
11th,DG Khan,2025,Female,27245.0,19141.0
11th,DG Khan,2025,Male,27709.0,15136.0
11th,FBISE,2024,Female,48675.0,31960.0
11th,FBISE,2024,Male,43725.0,21409.0
11th,FBISE,2025,Female,51595.0,35737.0
11th,FBISE,2025,Male,46333.0,25057.0
11th,Faisalabad,2024,Female,57166.0,40699.0
11th,Faisalabad,2024,Male,41668.0,23107.0
11th,Faisalabad,2025,Female,62619.0,39687.0
11th,Faisalabad,2025,Male,45563.0,20615.0
11th,Gujranwala,2024,Female,85255.0,51407.0
11th,Gujranwala,2024,Male,46142.0,16664.0
11th,Gujranwala,2025,Female,92758.0,53303.0
11th,Gujranwala,2025,Male,49343.0,17706.0
11th,Kohat,2025,Female,10135.0,6262.0
11th,Kohat,2025,Male,23877.0,4637.0
11th,Lahore,2024,Female,95449.0,56224.0
11th,Lahore,2024,Male,67235.0,28561.0
11th,Lahore,2025,Female,101629.0,62735.0
11th,Lahore,2025,Male,70471.0,29806.0
11th,Mardan,2024,Female,18273.0,15897.0
11th,Mardan,2024,Male,28058.0,22101.0
11th,Mardan,2025,Female,21205.0,21047.0
11th,Mardan,2025,Male,31170.0,30808.0
11th,Peshawar,2024,Female,20483.0,18440.0
11th,Peshawar,2024,Male,37174.0,28795.0
11th,Rawalpindi,2024,Female,37263.0,17394.0
11th,Rawalpindi,2024,Male,22447.0,6512.0
11th,Rawalpindi,2025,Female,39353.0,19845.0
11th,Rawalpindi,2025,Male,22667.0,7106.0
11th,Sahiwal,2024,Female,20729.0,12518.0
11th,Sahiwal,2024,Male,17166.0,6947.0
11th,Sahiwal,2025,Female,24508.0,14709.0
11th,Sahiwal,2025,Male,18021.0,8473.0
11th,Sargodha,2024,Female,28003.0,17433.0
11th,Sargodha,2024,Male,21513.0,9501.0
11th,Sargodha,2025,Female,30836.0,20240.0
11th,Sargodha,2025,Male,23995.0,11038.0
11th,Swat,2024,Female,10116.0,8216.0
11th,Swat,2024,Male,22168.0,12268.0
11th,Swat,2025,Female,10615.0,7231.0
11th,Swat,2025,Male,22455.0,8749.0
12th,Abbottabad,2024,Female,16291.0,13825.0
12th,Abbottabad,2024,Male,22543.0,19495.0
12th,Abbottabad,2025,Female,18821.0,16345.0
12th,Abbottabad,2025,Male,23231.0,19968.0
12th,Abbottabad,2026,Female,20769.0,17643.0
12th,Abbottabad,2026,Male,24988.0,18175.0
12th,Bahawalpur,2024,Female,31684.0,21471.0
12th,Bahawalpur,2024,Male,25976.0,13218.0
12th,Bahawalpur,2025,Female,32084.0,23001.0
12th,Bahawalpur,2025,Male,23643.0,12403.0
12th,Bahawalpur,2026,Female,34953.0,24354.0
12th,Bahawalpur,2026,Male,25639.0,11950.0
12th,Bannu,2026,Female,4440.0,3750.0
12th,Bannu,2026,Male,13331.0,10734.0
12th,DG Khan,2024,Female,28292.0,21783.0
12th,DG Khan,2024,Male,31810.0,20558.0
12th,DG Khan,2025,Female,28022.0,22992.0
12th,DG Khan,2025,Male,28061.0,18993.0
12th,DG Khan,2026,Female,29449.0,24309.0
12th,DG Khan,2026,Male,29794.0,19023.0
12th,FBISE,2024,Female,46790.0,41390.0
12th,FBISE,2024,Male,42471.0,31263.0
12th,FBISE,2025,Female,51182.0,45510.0
12th,FBISE,2025,Male,45339.0,34371.0
12th,FBISE,2026,Female,54262.0,48893.0
12th,FBISE,2026,Male,48916.0,38471.0
12th,Faisalabad,2024,Female,57966.0,46162.0
12th,Faisalabad,2024,Male,45303.0,27992.0
12th,Faisalabad,2025,Female,59390.0,47617.0
12th,Faisalabad,2025,Male,44619.0,29044.0
12th,Faisalabad,2026,Female,62733.0,50151.0
12th,Faisalabad,2026,Male,46511.0,27557.0
12th,Gujranwala,2024,Female,92561.0,63615.0
12th,Gujranwala,2024,Male,50273.0,25404.0
12th,Gujranwala,2025,Female,89155.0,62272.0
12th,Gujranwala,2025,Male,46655.0,23424.0
12th,Kohat,2025,Female,8949.0,7509.0
12th,Kohat,2025,Male,20546.0,9299.0
12th,Kohat,2026,Female,10340.0,4979.0
12th,Kohat,2026,Male,21154.0,4745.0
12th,Lahore,2024,Female,105407.0,73826.0
12th,Lahore,2024,Male,84811.0,41159.0
12th,Lahore,2025,Female,102889.0,72564.0
12th,Lahore,2025,Male,77440.0,37177.0
12th,Lahore,2026,Female,108851.0,81590.0
12th,Lahore,2026,Male,80091.0,41247.0
12th,Mardan,2024,Female,16698.0,15916.0
12th,Mardan,2024,Male,26175.0,24189.0
12th,Mardan,2025,Female,18322.0,16574.0
12th,Mardan,2025,Male,27456.0,22100.0
12th,Mardan,2026,Female,20991.0,18903.0
12th,Mardan,2026,Male,28259.0,20275.0
12th,Peshawar,2024,Female,21201.0,20183.0
12th,Peshawar,2024,Male,40016.0,35934.0
12th,Peshawar,2025,Female,22591.0,19643.0
12th,Peshawar,2025,Male,39731.0,25259.0
12th,Peshawar,2026,Female,24922.0,18288.0
12th,Peshawar,2026,Male,41813.0,16815.0
12th,Rawalpindi,2024,Female,38713.0,24636.0
12th,Rawalpindi,2024,Male,24521.0,11231.0
12th,Rawalpindi,2025,Female,37251.0,23237.0
12th,Rawalpindi,2025,Male,21645.0,8629.0
12th,Rawalpindi,2026,Female,39577.0,26733.0
12th,Rawalpindi,2026,Male,21789.0,10125.0
12th,Sahiwal,2024,Female,24717.0,15200.0
12th,Sahiwal,2024,Male,20802.0,9977.0
12th,Sahiwal,2025,Female,24527.0,16311.0
12th,Sahiwal,2025,Male,18714.0,9167.0
12th,Sahiwal,2026,Female,26210.0,18067.0
12th,Sahiwal,2026,Male,20038.0,10801.0
12th,Sargodha,2024,Female,28843.0,21699.0
12th,Sargodha,2024,Male,23614.0,13957.0
12th,Sargodha,2025,Female,28990.0,22168.0
12th,Sargodha,2025,Male,21027.0,12260.0
12th,Sargodha,2026,Female,31769.0,24739.0
12th,Sargodha,2026,Male,23265.0,13337.0
12th,Swat,2024,Female,10426.0,10006.0
12th,Swat,2024,Male,23551.0,20549.0
12th,Swat,2025,Female,10206.0,9296.0
12th,Swat,2025,Male,21946.0,17088.0
12th,Swat,2026,Female,10784.0,8686.0
12th,Swat,2026,Male,21747.0,12497.0
9th,Abbottabad,2025,Female,29889.0,18230.0
9th,Abbottabad,2025,Male,43570.0,25539.0
9th,Abbottabad,2026,Female,29955.0,17921.0
9th,Abbottabad,2026,Male,42412.0,28298.0
9th,Bahawalpur,2025,Female,55028.0,28491.0
9th,Bahawalpur,2025,Male,55409.0,19083.0
9th,Bahawalpur,2026,Female,53101.0,25143.0
9th,Bahawalpur,2026,Male,48579.0,14196.0
9th,Bannu,2025,Female,7080.0,5197.0
9th,Bannu,2025,Male,23159.0,15785.0
9th,Bannu,2026,Female,7444.0,6467.0
9th,Bannu,2026,Male,23584.0,17168.0
9th,DG Khan,2025,Female,48119.0,31272.0
9th,DG Khan,2025,Male,57735.0,29426.0
9th,DG Khan,2026,Female,49348.0,27731.0
9th,DG Khan,2026,Male,56653.0,23350.0
9th,FBISE,2025,Female,70163.0,48518.0
9th,FBISE,2025,Male,74393.0,41364.0
9th,FBISE,2026,Female,71859.0,46384.0
9th,FBISE,2026,Male,76452.0,42262.0
9th,Gujranwala,2025,Female,150793.0,88798.0
9th,Gujranwala,2025,Male,120670.0,45236.0
9th,Gujranwala,2026,Female,141203.0,76441.0
9th,Gujranwala,2026,Male,108149.0,39525.0
9th,Kohat,2025,Female,14972.0,9368.0
9th,Kohat,2025,Male,36787.0,12121.0
9th,Kohat,2026,Female,14319.0,7150.0
9th,Kohat,2026,Male,31617.0,6869.0
9th,Lahore,2025,Female,162039.0,87298.0
9th,Lahore,2025,Male,146034.0,51596.0
9th,Lahore,2026,Female,150882.0,82410.0
9th,Lahore,2026,Male,129794.0,48133.0
9th,Mardan,2025,Female,31255.0,31022.0
9th,Mardan,2025,Male,51411.0,50980.0
9th,Mardan,2026,Female,32264.0,31988.0
9th,Mardan,2026,Male,50201.0,49781.0
9th,Peshawar,2025,Female,35017.0,34669.0
9th,Peshawar,2025,Male,66871.0,65991.0
9th,Peshawar,2026,Female,35199.0,34868.0
9th,Peshawar,2026,Male,62751.0,62082.0
9th,Rawalpindi,2025,Female,63357.0,34114.0
9th,Rawalpindi,2025,Male,62632.0,19543.0
9th,Rawalpindi,2026,Female,63018.0,29288.0
9th,Rawalpindi,2026,Male,58721.0,16436.0
9th,Sahiwal,2025,Female,48101.0,25665.0
9th,Sahiwal,2025,Male,47933.0,18585.0
9th,Sahiwal,2026,Female,45414.0,23039.0
9th,Sahiwal,2026,Male,41679.0,14764.0
9th,Sargodha,2025,Female,52482.0,29634.0
9th,Sargodha,2025,Male,60010.0,22532.0
9th,Sargodha,2026,Female,52619.0,26301.0
9th,Sargodha,2026,Male,55163.0,19624.0
9th,Swat,2026,Female,16246.0,10071.0
9th,Swat,2026,Male,33799.0,14737.0
