Class,Board,Year,Grade,Count
10th,Bannu,2024,A,7138.0
10th,Bannu,2024,A+,4105.0
10th,Bannu,2024,B,7263.0
10th,Bannu,2024,C,4913.0
10th,Bannu,2024,D,745.0
10th,Bannu,2025,A,6244.0
10th,Bannu,2025,A+,5051.0
10th,Bannu,2025,B,6990.0
10th,Bannu,2025,C,4599.0
10th,Bannu,2025,D,549.0
10th,Bannu,2025,E,3853.0
10th,Bannu,2026,A,9037.0
10th,Bannu,2026,A+,7125.0
10th,Bannu,2026,B,6958.0
10th,Bannu,2026,C,2751.0
10th,Bannu,2026,D,226.0
10th,DG Khan,2024,A,17518.0
10th,DG Khan,2024,A+,18225.0
10th,DG Khan,2024,B,21661.0
10th,DG Khan,2024,C,16504.0
10th,DG Khan,2024,D,2850.0
10th,DG Khan,2025,A,17140.0
10th,DG Khan,2025,A+,16323.0
10th,DG Khan,2025,B,21453.0
10th,DG Khan,2025,C,16163.0
10th,DG Khan,2025,D,3077.0
10th,DG Khan,2026,A,16385.0
10th,DG Khan,2026,A+,18096.0
10th,DG Khan,2026,B,19703.0
10th,DG Khan,2026,C,17048.0
10th,DG Khan,2026,D,3877.0
10th,Faisalabad,2024,A,24567.0
10th,Faisalabad,2024,A+,22459.0
10th,Faisalabad,2024,B,50409.0
10th,Faisalabad,2024,C,32342.0
10th,Faisalabad,2024,D,9441.0
10th,Faisalabad,2024,E,124.0
10th,Faisalabad,2025,A,23838.0
10th,Faisalabad,2025,A+,21037.0
10th,Faisalabad,2025,B,55310.0
10th,Faisalabad,2025,C,29729.0
10th,Faisalabad,2025,D,8036.0
10th,Faisalabad,2025,E,79.0
10th,Faisalabad,2026,A,25748.0
10th,Faisalabad,2026,A+,24403.0
10th,Faisalabad,2026,B,57846.0
10th,Faisalabad,2026,C,28814.0
10th,Faisalabad,2026,D,7285.0
10th,Faisalabad,2026,E,52.0
10th,Lahore,2024,A,30834.0
10th,Lahore,2024,A+,32341.0
10th,Lahore,2024,B,42212.0
10th,Lahore,2024,C,47352.0
10th,Lahore,2024,D,20817.0
10th,Lahore,2024,E,76671.0
10th,Lahore,2025,A,29617.0
10th,Lahore,2025,A+,31724.0
10th,Lahore,2025,B,40751.0
10th,Lahore,2025,C,43665.0
10th,Lahore,2025,D,19340.0
10th,Lahore,2025,E,88915.0
10th,Lahore,2026,A,32225.0
10th,Lahore,2026,A+,37414.0
10th,Lahore,2026,B,44038.0
10th,Lahore,2026,C,47418.0
10th,Lahore,2026,D,20406.0
10th,Lahore,2026,E,100807.0
10th,Peshawar,2024,A,20448.0
10th,Peshawar,2024,A+,22114.0
10th,Peshawar,2024,B,20368.0
10th,Peshawar,2024,C,11701.0
10th,Peshawar,2024,D,1463.0
10th,Peshawar,2024,E,7.0
10th,Peshawar,2025,A,23587.0
10th,Peshawar,2025,A+,24711.0
10th,Peshawar,2025,B,18887.0
10th,Peshawar,2025,C,8442.0
10th,Peshawar,2025,D,859.0
10th,Peshawar,2025,E,7.0
10th,Peshawar,2026,A,20985.0
10th,Peshawar,2026,A+,15818.0
10th,Peshawar,2026,B,20001.0
10th,Peshawar,2026,C,9257.0
10th,Peshawar,2026,D,929.0
10th,Peshawar,2026,E,2.0
10th,Sahiwal,2024,A,9532.0
10th,Sahiwal,2024,A+,9184.0
10th,Sahiwal,2024,B,13694.0
10th,Sahiwal,2024,C,15156.0
10th,Sahiwal,2024,D,5451.0
10th,Sahiwal,2024,E,189.0
10th,Sahiwal,2025,A,8498.0
10th,Sahiwal,2025,A+,8158.0
10th,Sahiwal,2025,B,12584.0
10th,Sahiwal,2025,C,13956.0
10th,Sahiwal,2025,D,5362.0
10th,Sahiwal,2025,E,122.0
10th,Sahiwal,2026,A,9599.0
10th,Sahiwal,2026,A+,9795.0
10th,Sahiwal,2026,B,13779.0
10th,Sahiwal,2026,C,15616.0
10th,Sahiwal,2026,D,5903.0
10th,Sahiwal,2026,E,96.0
10th,Swat,2024,A,9974.0
10th,Swat,2024,A+,8427.0
10th,Swat,2024,B,11404.0
10th,Swat,2024,C,7318.0
10th,Swat,2024,D,1106.0
10th,Swat,2024,E,6.0
10th,Swat,2026,A,11434.0
10th,Swat,2026,A+,9766.0
10th,Swat,2026,B,9859.0
10th,Swat,2026,C,4850.0
10th,Swat,2026,D,729.0
10th,Swat,2026,E,1.0
12th,Abbottabad,2024,A,6356.0
12th,Abbottabad,2024,A+,3364.0
12th,Abbottabad,2024,B,9843.0
12th,Abbottabad,2024,C,9828.0
12th,Abbottabad,2024,D,3796.0
12th,Abbottabad,2024,E,133.0
12th,Abbottabad,2025,A,7636.0
12th,Abbottabad,2025,A+,4934.0
12th,Abbottabad,2025,B,10759.0
12th,Abbottabad,2025,C,9177.0
12th,Abbottabad,2025,D,3677.0
12th,Abbottabad,2025,E,130.0
12th,Abbottabad,2026,A,8257.0
12th,Abbottabad,2026,A+,5414.0
12th,Abbottabad,2026,B,11515.0
12th,Abbottabad,2026,C,8196.0
12th,Abbottabad,2026,D,2380.0
12th,Abbottabad,2026,E,56.0
12th,Bahawalpur,2024,A,7267.0
12th,Bahawalpur,2024,A+,5419.0
12th,Bahawalpur,2024,B,10767.0
12th,Bahawalpur,2024,C,8960.0
12th,Bahawalpur,2024,D,2210.0
12th,Bahawalpur,2024,E,66.0
12th,Bahawalpur,2025,A,7522.0
12th,Bahawalpur,2025,A+,5651.0
12th,Bahawalpur,2025,B,11376.0
12th,Bahawalpur,2025,C,8837.0
12th,Bahawalpur,2025,D,1984.0
12th,Bahawalpur,2025,E,34.0
12th,Bahawalpur,2026,A,7539.0
12th,Bahawalpur,2026,A+,5213.0
12th,Bahawalpur,2026,B,11664.0
12th,Bahawalpur,2026,C,9794.0
12th,Bahawalpur,2026,D,2052.0
12th,Bahawalpur,2026,E,42.0
12th,FBISE,2024,A,15118.0
12th,FBISE,2024,A+,12894.0
12th,FBISE,2024,B,20629.0
12th,FBISE,2024,C,17806.0
12th,FBISE,2024,D,5752.0
12th,FBISE,2024,E,253.0
12th,FBISE,2025,A,16876.0
12th,FBISE,2025,A+,15939.0
12th,FBISE,2025,B,20954.0
12th,FBISE,2025,C,18607.0
12th,FBISE,2025,D,6914.0
12th,FBISE,2025,E,381.0
12th,FBISE,2026,A,18455.0
12th,FBISE,2026,A+,21869.0
12th,FBISE,2026,B,22137.0
12th,FBISE,2026,C,17999.0
12th,FBISE,2026,D,6379.0
12th,FBISE,2026,E,215.0
12th,Faisalabad,2024,A,13055.0
12th,Faisalabad,2024,A+,8207.0
12th,Faisalabad,2024,B,23256.0
12th,Faisalabad,2024,C,22471.0
12th,Faisalabad,2024,D,6776.0
12th,Faisalabad,2024,E,389.0
12th,Faisalabad,2025,A,15724.0
12th,Faisalabad,2025,A+,11252.0
12th,Faisalabad,2025,B,23674.0
12th,Faisalabad,2025,C,20077.0
12th,Faisalabad,2025,D,5586.0
12th,Faisalabad,2025,E,348.0
12th,Faisalabad,2026,A,16057.0
12th,Faisalabad,2026,A+,10973.0
12th,Faisalabad,2026,B,24835.0
12th,Faisalabad,2026,C,20234.0
12th,Faisalabad,2026,D,5333.0
12th,Faisalabad,2026,E,276.0
12th,Gujranwala,2024,A,14598.0
12th,Gujranwala,2024,A+,8594.0
12th,Gujranwala,2024,B,25430.0
12th,Gujranwala,2024,C,27574.0
12th,Gujranwala,2024,D,11584.0
12th,Gujranwala,2024,E,611.0
12th,Gujranwala,2025,A,14797.0
12th,Gujranwala,2025,A+,9211.0
12th,Gujranwala,2025,B,24730.0
12th,Gujranwala,2025,C,25665.0
12th,Gujranwala,2025,D,10178.0
12th,Gujranwala,2025,E,439.0
12th,Kohat,2025,A,5233.0
12th,Kohat,2025,A+,3829.0
12th,Kohat,2025,B,5350.0
12th,Kohat,2025,C,2174.0
12th,Kohat,2025,D,218.0
12th,Kohat,2025,E,4.0
12th,Kohat,2026,A,2255.0
12th,Kohat,2026,A+,1857.0
12th,Kohat,2026,B,3383.0
12th,Kohat,2026,C,1999.0
12th,Kohat,2026,D,227.0
12th,Kohat,2026,E,3.0
12th,Lahore,2024,A,19818.0
12th,Lahore,2024,A+,13410.0
12th,Lahore,2024,B,31658.0
12th,Lahore,2024,C,34354.0
12th,Lahore,2024,D,14942.0
12th,Lahore,2024,E,803.0
12th,Lahore,2025,A,20199.0
12th,Lahore,2025,A+,13673.0
12th,Lahore,2025,B,31025.0
12th,Lahore,2025,C,31164.0
12th,Lahore,2025,D,13031.0
12th,Lahore,2025,E,649.0
12th,Lahore,2026,A,22535.0
12th,Lahore,2026,A+,15093.0
12th,Lahore,2026,B,35604.0
12th,Lahore,2026,C,35111.0
12th,Lahore,2026,D,13753.0
12th,Lahore,2026,E,741.0
12th,Peshawar,2024,A,14941.0
12th,Peshawar,2024,A+,15000.0
12th,Peshawar,2024,B,14958.0
12th,Peshawar,2024,C,9194.0
12th,Peshawar,2024,D,2010.0
12th,Peshawar,2024,E,44.0
12th,Peshawar,2025,A,12847.0
12th,Peshawar,2025,A+,7593.0
12th,Peshawar,2025,B,14849.0
12th,Peshawar,2025,C,8022.0
12th,Peshawar,2025,D,1565.0
12th,Peshawar,2025,E,26.0
12th,Peshawar,2026,A,9879.0
12th,Peshawar,2026,A+,5281.0
12th,Peshawar,2026,B,13536.0
12th,Peshawar,2026,C,5782.0
12th,Peshawar,2026,D,614.0
12th,Peshawar,2026,E,11.0
12th,Rawalpindi,2024,A,5408.0
12th,Rawalpindi,2024,A+,2632.0
12th,Rawalpindi,2024,B,9666.0
12th,Rawalpindi,2024,C,12243.0
12th,Rawalpindi,2024,D,5612.0
12th,Rawalpindi,2024,E,356.0
12th,Rawalpindi,2025,A,4588.0
12th,Rawalpindi,2025,A+,2352.0
12th,Rawalpindi,2025,B,8652.0
12th,Rawalpindi,2025,C,10881.0
12th,Rawalpindi,2025,D,5144.0
12th,Rawalpindi,2025,E,277.0
12th,Rawalpindi,2026,A,5577.0
12th,Rawalpindi,2026,A+,2671.0
12th,Rawalpindi,2026,B,10176.0
12th,Rawalpindi,2026,C,12288.0
12th,Rawalpindi,2026,D,5815.0
12th,Rawalpindi,2026,E,365.0
12th,Sargodha,2024,A,7668.0
12th,Sargodha,2024,A+,4588.0
12th,Sargodha,2024,B,11542.0
12th,Sargodha,2024,C,9445.0
12th,Sargodha,2024,D,2254.0
12th,Sargodha,2024,E,77.0
12th,Sargodha,2025,A,7805.0
12th,Sargodha,2025,A+,4422.0
12th,Sargodha,2025,B,11254.0
12th,Sargodha,2025,C,8754.0
12th,Sargodha,2025,D,2091.0
12th,Sargodha,2025,E,39.0
12th,Sargodha,2026,A,8640.0
12th,Sargodha,2026,A+,5452.0
12th,Sargodha,2026,B,11877.0
12th,Sargodha,2026,C,9434.0
12th,Sargodha,2026,D,2577.0
12th,Sargodha,2026,E,48.0
12th,Swat,2024,A,7773.0
12th,Swat,2024,A+,5351.0
12th,Swat,2024,B,8757.0
12th,Swat,2024,C,6850.0
12th,Swat,2024,D,1702.0
12th,Swat,2024,E,18.0
12th,Swat,2025,A,6875.0
12th,Swat,2025,A+,5444.0
12th,Swat,2025,B,7540.0
12th,Swat,2025,C,5511.0
12th,Swat,2025,D,1001.0
12th,Swat,2025,E,13.0
12th,Swat,2026,A,6280.0
12th,Swat,2026,A+,4406.0
12th,Swat,2026,B,6786.0
12th,Swat,2026,C,3251.0
12th,Swat,2026,D,377.0
12th,Swat,2026,E,1.0
9th,Bahawalpur,2025,A,10826.0
9th,Bahawalpur,2025,A+,10712.0
9th,Bahawalpur,2025,B,13773.0
9th,Bahawalpur,2025,C,9895.0
9th,Bahawalpur,2025,D,2324.0
9th,Bahawalpur,2025,E,44.0
9th,Bahawalpur,2026,A,10417.0
9th,Bahawalpur,2026,A+,10353.0
9th,Bahawalpur,2026,B,12109.0
9th,Bahawalpur,2026,C,6752.0
9th,Bahawalpur,2026,D,967.0
9th,Bahawalpur,2026,E,13.0
9th,DG Khan,2025,A,15135.0
9th,DG Khan,2025,A+,17459.0
9th,DG Khan,2025,B,16028.0
9th,DG Khan,2025,C,9826.0
9th,DG Khan,2025,D,2212.0
9th,DG Khan,2025,E,38.0
9th,DG Khan,2026,A,13960.0
9th,DG Khan,2026,A+,15733.0
9th,DG Khan,2026,B,14022.0
9th,DG Khan,2026,C,6464.0
9th,DG Khan,2026,D,893.0
9th,DG Khan,2026,E,9.0
9th,Peshawar,2025,A,19860.0
9th,Peshawar,2025,A+,21106.0
9th,Peshawar,2025,B,15339.0
9th,Peshawar,2025,C,5183.0
9th,Peshawar,2025,D,265.0
9th,Peshawar,2026,A,12908.0
9th,Peshawar,2026,A+,8827.0
9th,Peshawar,2026,B,12194.0
9th,Peshawar,2026,C,4841.0
9th,Peshawar,2026,D,333.0
9th,Swat,2026,A,7805.0
9th,Swat,2026,A+,6525.0
9th,Swat,2026,B,7219.0
9th,Swat,2026,C,3037.0
9th,Swat,2026,D,222.0
9th,Swat,2026,E,0.0
