Class,Board,Year,Appeared,Passed
10th,Abbottabad,2024,72305.0,57981.0
10th,Abbottabad,2025,71629.0,57543.0
10th,Abbottabad,2026,72677.0,57952.0
10th,Bahawalpur,2024,95240.0,71892.0
10th,Bahawalpur,2025,90493.0,62860.0
10th,Bahawalpur,2026,96245.0,63012.0
10th,Bannu,2024,30513.0,24222.0
10th,Bannu,2025,27286.0,23135.0
10th,Bannu,2026,29240.0,25762.0
10th,DG Khan,2024,93228.0,76805.0
10th,DG Khan,2025,91180.0,74179.0
10th,DG Khan,2026,96482.0,75124.0
10th,FBISE,2024,127833.0,112751.0
10th,FBISE,2025,136845.0,121120.0
10th,FBISE,2026,140226.0,128070.0
10th,Faisalabad,2024,174568.0,139213.0
10th,Faisalabad,2025,173239.0,137948.0
10th,Faisalabad,2026,192925.0,144089.0
10th,Gujranwala,2024,224537.0,168254.0
10th,Gujranwala,2025,225071.0,158863.0
10th,Gujranwala,2026,242192.0,168266.0
10th,Kohat,2024,47532.0,42641.0
10th,Kohat,2025,49225.0,31995.0
10th,Kohat,2026,51138.0,23859.0
10th,Lahore,2024,250227.0,174537.0
10th,Lahore,2025,254012.0,165912.0
10th,Lahore,2026,282308.0,182186.0
10th,Mardan,2024,74437.0,66873.0
10th,Mardan,2025,76900.0,57880.0
10th,Mardan,2026,77544.0,62049.0
10th,Peshawar,2024,86789.0,76090.0
10th,Peshawar,2025,91589.0,76484.0
10th,Peshawar,2026,95496.0,66988.0
10th,Rawalpindi,2024,119265.0,87639.0
10th,Rawalpindi,2025,119293.0,75000.0
10th,Rawalpindi,2026,120411.0,73829.0
10th,Sahiwal,2024,73159.0,53206.0
10th,Sahiwal,2025,71789.0,48680.0
10th,Sahiwal,2026,84159.0,54788.0
10th,Sargodha,2024,96993.0,75273.0
10th,Sargodha,2026,100611.0,68637.0
10th,Swat,2024,46106.0,38235.0
10th,Swat,2026,46484.0,36639.0
11th,Abbottabad,2024,42329.0,30806.0
11th,Abbottabad,2025,47619.0,29913.0
11th,Bahawalpur,2024,51858.0,27400.0
11th,Bahawalpur,2025,56388.0,29981.0
11th,Bannu,2025,16859.0,16604.0
11th,DG Khan,2024,50374.0,32344.0
11th,DG Khan,2025,54954.0,34277.0
11th,FBISE,2024,92400.0,53369.0
11th,FBISE,2025,97928.0,60794.0
11th,Faisalabad,2024,98834.0,63806.0
11th,Faisalabad,2025,108182.0,60302.0
11th,Gujranwala,2024,135110.0,68071.0
11th,Gujranwala,2025,145417.0,70975.0
11th,Kohat,2025,34012.0,10899.0
11th,Lahore,2024,162684.0,84785.0
11th,Lahore,2025,172100.0,92541.0
11th,Mardan,2024,46331.0,37998.0
11th,Mardan,2025,52375.0,51855.0
11th,Peshawar,2024,62886.0,50207.0
11th,Rawalpindi,2024,59710.0,23906.0
11th,Rawalpindi,2025,62020.0,26951.0
11th,Sahiwal,2024,39855.0,20323.0
11th,Sahiwal,2025,42529.0,23182.0
11th,Sargodha,2024,49516.0,26934.0
11th,Sargodha,2025,54831.0,31278.0
11th,Swat,2024,32284.0,20484.0
11th,Swat,2025,33070.0,15980.0
12th,Abbottabad,2024,39267.0,33644.0
12th,Abbottabad,2025,42357.0,36550.0
12th,Abbottabad,2026,45757.0,35818.0
12th,Bahawalpur,2024,57660.0,34689.0
12th,Bahawalpur,2025,55727.0,35404.0
12th,Bahawalpur,2026,60592.0,36304.0
12th,Bannu,2025,18099.0,15484.0
12th,Bannu,2026,17771.0,14484.0
12th,DG Khan,2024,60102.0,42341.0
12th,DG Khan,2025,56083.0,41985.0
12th,DG Khan,2026,59243.0,43332.0
12th,FBISE,2024,89261.0,72653.0
12th,FBISE,2025,96521.0,79881.0
12th,FBISE,2026,103178.0,87364.0
12th,Faisalabad,2024,103269.0,74154.0
12th,Faisalabad,2025,104009.0,76661.0
12th,Faisalabad,2026,109244.0,77708.0
12th,Gujranwala,2024,142834.0,89019.0
12th,Gujranwala,2025,135810.0,85696.0
12th,Kohat,2025,29496.0,16808.0
12th,Kohat,2026,31496.0,9724.0
12th,Lahore,2024,190218.0,114985.0
12th,Lahore,2025,180329.0,109741.0
12th,Lahore,2026,189373.0,123060.0
12th,Mardan,2024,42873.0,40105.0
12th,Mardan,2025,45778.0,38674.0
12th,Mardan,2026,49250.0,39178.0
12th,Peshawar,2024,61217.0,56117.0
12th,Peshawar,2025,62322.0,44902.0
12th,Peshawar,2026,66735.0,35103.0
12th,Rawalpindi,2024,63291.0,35922.0
12th,Rawalpindi,2025,58940.0,31898.0
12th,Rawalpindi,2026,61409.0,36896.0
12th,Sahiwal,2024,45519.0,25177.0
12th,Sahiwal,2025,43241.0,25478.0
12th,Sahiwal,2026,46248.0,28868.0
12th,Sargodha,2024,52457.0,35656.0
12th,Sargodha,2025,50017.0,34428.0
12th,Sargodha,2026,55034.0,38076.0
12th,Swat,2024,33977.0,30555.0
12th,Swat,2025,32152.0,26384.0
12th,Swat,2026,32531.0,21183.0
9th,Abbottabad,2025,73459.0,43769.0
9th,Abbottabad,2026,72367.0,46219.0
9th,Bahawalpur,2025,110437.0,47574.0
9th,Bahawalpur,2026,105601.0,40611.0
9th,Bannu,2025,30239.0,20982.0
9th,Bannu,2026,31028.0,23635.0
9th,DG Khan,2025,105854.0,60698.0
9th,DG Khan,2026,106001.0,51081.0
9th,FBISE,2025,144556.0,89882.0
9th,FBISE,2026,148311.0,88646.0
9th,Faisalabad,2025,205182.0,105769.0
9th,Faisalabad,2026,196656.0,100708.0
9th,Gujranwala,2025,271463.0,134034.0
9th,Gujranwala,2026,249352.0,115966.0
9th,Kohat,2025,51759.0,21489.0
9th,Kohat,2026,45936.0,14019.0
9th,Lahore,2025,308073.0,138894.0
9th,Lahore,2026,280676.0,130543.0
9th,Mardan,2025,82666.0,82002.0
9th,Mardan,2026,82465.0,81769.0
9th,Peshawar,2025,101888.0,100660.0
9th,Peshawar,2026,97950.0,96950.0
9th,Rawalpindi,2025,125989.0,53657.0
9th,Rawalpindi,2026,121739.0,45724.0
9th,Sahiwal,2025,96034.0,44250.0
9th,Sahiwal,2026,87093.0,37803.0
9th,Sargodha,2025,112492.0,52166.0
9th,Sargodha,2026,107782.0,45925.0
9th,Swat,2026,50045.0,24808.0
