Board,Year,Category,Appeared,Passed,Pass %
Abbottabad,2025,Private,4838,1591,0.3288548987184787
Abbottabad,2025,Regular,68621,42178,0.6146514915259177
Abbottabad,2026,Private,4609,2021,0.43848991104361035
Abbottabad,2026,Regular,67758,44198,0.652291980282771
Bahawalpur,2025,Private,20113,6063,0.301446825436285
Bahawalpur,2025,Regular,90324,41511,0.45957884947522254
Bahawalpur,2026,Private,19211,5067,0.26375514028421215
Bahawalpur,2026,Regular,86390,35544,0.41143650885519156
Bannu,2025,Private,3196,1353,0.42334167709637044
Bannu,2025,Regular,27043,19629,0.7258440261805273
Bannu,2026,Private,2561,1302,0.5083951581413511
Bannu,2026,Regular,28467,22333,0.7845224294797485
DGK,2025,Private,26736,13272,0.4964093357271095
DGK,2025,Regular,79118,47426,0.5994337571728304
DGK,2026,Private,26077,10150,0.3892318901714154
DGK,2026,Regular,79924,40931,0.5121240178169261
FBISE,2025,Private,13073,3020,0.23101047961447257
FBISE,2025,Regular,131483,86862,0.6606329335351339
FBISE,2026,Private,14313,2578,0.18011597848110109
FBISE,2026,Regular,133998,86068,0.6423080941506589
FSD,2025,Private,30976,11003,0.3552104855371901
FSD,2025,Regular,174206,94766,0.5439881519580267
FSD,2026,Private,28443,9309,0.32728615124986815
FSD,2026,Regular,168213,91399,0.5433527729723624
Gujranwala,2025,Private,76919,29842,0.3879665622277981
Gujranwala,2025,Regular,194544,104192,0.5355703594045563
Gujranwala,2026,Private,66349,22865,0.34461710048380534
Gujranwala,2026,Regular,183003,93101,0.5087402938749638
Kohat,2025,Private,2849,697,0.24464724464724466
Kohat,2025,Regular,48910,20792,0.4251073400122674
Kohat,2026,Private,1672,427,0.2553827751196172
Kohat,2026,Regular,44264,13592,0.3070666907645039
Lahore,2025,Private,116226,38806,0.33388398465059455
Lahore,2025,Regular,191847,100088,0.5217074022528368
Lahore,2026,Private,100412,33977,0.33837589132772977
Lahore,2026,Regular,180264,96566,0.5356920960369236
Mardan,2025,Private,2855,2702,0.9464098073555166
Mardan,2025,Regular,79811,79300,0.9935973737955921
Mardan,2026,Private,2674,2560,0.9573672400897532
Mardan,2026,Regular,79791,79209,0.99270594427943
Peshawar,2025,Private,5575,5221,0.9365022421524664
Peshawar,2025,Regular,96313,95439,0.9909254202444114
Peshawar,2026,Private,5213,4958,0.9510838288893152
Peshawar,2026,Regular,92737,91992,0.9919665290013695
Rawalpindi,2025,Private,18157,4619,0.25439224541499145
Rawalpindi,2025,Regular,107832,49038,0.4547629646116181
Rawalpindi,2026,Private,16578,2997,0.18078175895765472
Rawalpindi,2026,Regular,105161,42727,0.40630081494090015
Sahiwal,2025,Private,23185,8514,0.3672201854647401
Sahiwal,2025,Regular,72849,35736,0.490548943705473
Sahiwal,2026,Private,19196,6500,0.3386122108772661
Sahiwal,2026,Regular,67897,31303,0.46103657009882615
Sargodha,2025,Private,19052,7288,0.38253201763594374
Sargodha,2025,Regular,93440,44878,0.48028681506849313
Sargodha,2026,Private,16807,5887,0.3502707205331112
Sargodha,2026,Regular,90975,40038,0.4400989282769992
Swat,2026,Private,2294,600,0.26155187445510025
Swat,2026,Regular,47751,24208,0.5069632049590584
