District,Appeared,Passed,Failed,Pass %,Board,Year
Mianwali,19444,14756,4688,75.9,Sar,2024
Sargodha,44346,34055,10291,76.8,Sar,2024
Khushab,15334,12090,3244,78.8,Sar,2024
Bhakkar,17869,14372,3497,80.4,Sar,2024
Mianwali,19696,12529,7167,63.6,Sar,2026
Bhakkar,17984,11818,6166,65.7,Sar,2026
Khushab,16376,11461,4915,70.0,Sar,2026
Sargodha,46555,32829,13726,70.5,Sar,2026
Dera Ghazi Khan,21630,16827,4803,77.8,DGK,2024
Rajanpur,12360,9810,2550,79.4,DGK,2024
Layyah,21286,17675,3611,83.0,DGK,2024
Kot Adu,13907,11578,2329,83.3,DGK,2024
Muzaffargarh,24045,20915,3130,87.0,DGK,2024
Rajanpur,11517,8809,2708,76.5,DGK,2025
Dera Ghazi Khan,13691,10875,2816,79.4,DGK,2025
Layyah,21023,16876,4147,80.3,DGK,2025
Taunsa,7410,6130,1280,82.7,DGK,2025
Kot Adu,13775,11412,2363,82.8,DGK,2025
Muzaffargarh,23764,20077,3687,84.5,DGK,2025
Rajanpur,12158,8276,3882,68.1,DGK,2026
Dera Ghazi Khan,14445,10802,3643,74.8,DGK,2026
Taunsa,7754,6013,1741,77.5,DGK,2026
Layyah,22369,17580,4789,78.6,DGK,2026
Kot Adu,14731,11831,2900,80.3,DGK,2026
Muzaffargarh,25025,20622,4403,82.4,DGK,2026
OKARA,29540,20896,0,70.7,SWL,2024
PAKPATTAN,16641,12149,0,73.0,SWL,2024
SAHIWAL,26978,20161,0,74.7,SWL,2024
PAKPATTAN,15771,10449,0,66.2,SWL,2025
OKARA,29218,19383,0,66.3,SWL,2025
SAHIWAL,26800,18848,0,70.3,SWL,2025
AJK,2654,2026,628,76.3,FBISE,2024
Gilgit-Baltistan,17645,14218,3454,80.6,FBISE,2024
Federal Area,36111,30607,5533,84.8,FBISE,2024
Overseas,3570,3029,550,84.8,FBISE,2024
Balochistan,1858,1679,179,90.4,FBISE,2024
Punjab,52375,47892,4596,91.4,FBISE,2024
Sindh,8418,7796,624,92.6,FBISE,2024
Khyber-Pukhtunkhwa,5516,5325,187,96.5,FBISE,2024
Gilgit-Baltistan,19358,16923,2403,87.4,FBISE,2025
Overseas,3535,3090,494,87.4,FBISE,2025
Punjab,56906,51220,5717,90.0,FBISE,2025
Balochistan,1974,1834,141,92.9,FBISE,2025
Sindh,9051,8466,584,93.5,FBISE,2025
AJK,2637,2498,140,94.7,FBISE,2025
Khyber-Pukhtunkhwa,6054,5851,202,96.6,FBISE,2025
Federal Area,38963,33811,5346,86.8,FBISE,2026
Gilgit-Baltistan,19514,17827,1720,91.4,FBISE,2026
Overseas,3555,3273,332,92.1,FBISE,2026
Punjab,57720,53288,4649,92.3,FBISE,2026
AJK,2741,2621,124,95.6,FBISE,2026
Balochistan,2066,2000,66,96.8,FBISE,2026
Sindh,9446,9160,289,97.0,FBISE,2026
Khyber-Pukhtunkhwa,6221,6090,139,97.9,FBISE,2026
Attock,22766,14874,0,65.3,RWP,2024
Rawalpindi,47671,34776,0,73.0,RWP,2024
Talagang,7747,5775,0,74.5,RWP,2024
Murree,5393,4073,0,75.5,RWP,2024
Jehlum,18941,14531,0,76.7,RWP,2024
Chakwal,16747,13610,0,81.3,RWP,2024
Talagang,3249,1750,0,53.9,RWP,2026
Murree,4771,2760,0,57.9,RWP,2026
Attock,22275,13158,0,59.1,RWP,2026
Rawalpindi,49760,30471,0,61.2,RWP,2026
Jehlum,19653,12500,0,63.6,RWP,2026
Chakwal,20703,13190,0,63.7,RWP,2026
Rahimyar Khan,36383,27268,0,75.0,BWP,2024
Bahawalnagar,27764,20867,0,75.2,BWP,2024
Bahawalpur,31093,23757,0,76.4,BWP,2024
Bahawalnagar,26221,18007,0,68.7,BWP,2025
Rahimyar Khan,34198,23780,0,69.5,BWP,2025
Bahawalpur,30074,21073,0,70.1,BWP,2025
