Board,Year,District,Appeared,Passed,Pass %
Bahawalpur,2025,Bahawalnagar,32923,13494,0.40986544361084953
Bahawalpur,2025,Bahawalpur,35763,15860,0.4434750999636496
Bahawalpur,2025,Rahimyar Khan,41751,18220,0.43639673301238296
Bahawalpur,2026,Bahawalnagar,31757,11377,0.35825172402934785
Bahawalpur,2026,Bahawalpur,34200,13181,0.3854093567251462
Bahawalpur,2026,Rahimyar Khan,39644,16053,0.40492886691554836
DGK,2025,Dera Ghazi Khan,16706,8089,0.48419729438525083
DGK,2025,Kot Adu,15522,10031,0.6462440407164025
DGK,2025,Layyah,24984,13819,0.5531139929554915
DGK,2025,Muzaffargarh,26412,17132,0.6486445555050735
DGK,2025,Rajanpur,13791,6943,0.5034442752519759
DGK,2025,Taunsa,8439,4684,0.5550420665955682
DGK,2026,Dera Ghazi Khan,17021,6942,0.40784912754832264
DGK,2026,Kot Adu,15394,7742,0.502923216837729
DGK,2026,Layyah,24884,12097,0.4861356695065102
DGK,2026,Muzaffargarh,27076,15161,0.5599423843994682
DGK,2026,Rajanpur,13270,4654,0.3507159005275057
DGK,2026,Taunsa,8356,4485,0.5367400670177118
Rawalpindi,2025,Attock,24538,8880,0.3618876844078572
Rawalpindi,2025,Chakwal,21664,8668,0.40011078286558344
Rawalpindi,2025,Jehlum,20283,8255,0.40699107627076864
Rawalpindi,2025,Murree,2846,983,0.3453970484891075
Rawalpindi,2025,Rawalpindi,52764,25399,0.4813698733985293
Rawalpindi,2025,Talagang,3894,1472,0.37801746276322545
Rawalpindi,2026,Attock,23877,7573,0.31716714830171294
Rawalpindi,2026,Chakwal,16619,7013,0.421986882483904
Rawalpindi,2026,Jehlum,19976,7392,0.3700440528634361
Rawalpindi,2026,Murree,4961,1777,0.35819391251763755
Rawalpindi,2026,Rawalpindi,47769,18619,0.38977160920262094
Rawalpindi,2026,Talagang,8537,3350,0.392409511538011
