Board,Year,Gender,Appeared,Passed
Abbottabad,2024,Female,16291,13825
Abbottabad,2024,Male,22543,19495
Abbottabad,2025,Female,18821,16345
Abbottabad,2025,Male,23231,19968
Abbottabad,2026,Female,20769,17643
Abbottabad,2026,Male,24988,18175
Bahawalpur,2024,Female,31684,21471
Bahawalpur,2024,Male,25976,13218
Bahawalpur,2025,Female,32084,23001
Bahawalpur,2025,Male,23643,12403
Bahawalpur,2026,Female,34953,24354
Bahawalpur,2026,Male,25639,11950
Bannu,2026,Female,4440,3750
Bannu,2026,Male,13331,10734
DGK,2024,Female,28292,21783
DGK,2024,Male,31810,20558
DGK,2025,Female,28022,22992
DGK,2025,Male,28061,18993
DGK,2026,Female,29449,24309
DGK,2026,Male,29794,19023
FBISE,2024,Female,46790,41390
FBISE,2024,Male,42471,31263
FBISE,2025,Female,51182,45510
FBISE,2025,Male,45339,34371
FBISE,2026,Female,54262,48893
FBISE,2026,Male,48916,38471
FSD,2024,Female,57966,46162
FSD,2024,Male,45303,27992
FSD,2025,Female,59390,47617
FSD,2025,Male,44619,29044
FSD,2026,Female,62733,50151
FSD,2026,Male,46511,27557
Gujranwala,2024,Female,92561,63615
Gujranwala,2024,Male,50273,25404
Gujranwala,2025,Female,89155,62272
Gujranwala,2025,Male,46655,23424
Kohat,2025,Female,8949,7509
Kohat,2025,Male,20546,9299
Kohat,2026,Female,10340,4979
Kohat,2026,Male,21154,4745
Lahore,2024,Female,105407,73826
Lahore,2024,Male,84811,41159
Lahore,2025,Female,102889,72564
Lahore,2025,Male,77440,37177
Lahore,2026,Female,108851,81590
Lahore,2026,Male,80091,41247
Mardan,2024,Female,16698,15916
Mardan,2024,Male,26175,24189
Mardan,2025,Female,18322,16574
Mardan,2025,Male,27456,22100
Mardan,2026,Female,20991,18903
Mardan,2026,Male,28259,20275
Peshawar,2024,Female,21201,20183
Peshawar,2024,Male,40016,35934
Peshawar,2025,Female,22591,19643
Peshawar,2025,Male,39731,25259
Peshawar,2026,Female,24922,18288
Peshawar,2026,Male,41813,16815
Rawalpindi,2024,Female,38713,24636
Rawalpindi,2024,Male,24521,11231
Rawalpindi,2025,Female,37251,23237
Rawalpindi,2025,Male,21645,8629
Rawalpindi,2026,Female,39577,26733
Rawalpindi,2026,Male,21789,10125
Sahiwal,2024,Female,24717,15200
Sahiwal,2024,Male,20802,9977
Sahiwal,2025,Female,24527,16311
Sahiwal,2025,Male,18714,9167
Sahiwal,2026,Female,26210,18067
Sahiwal,2026,Male,20038,10801
Sargodha,2024,Female,28843,21699
Sargodha,2024,Male,23614,13957
Sargodha,2025,Female,28990,22168
Sargodha,2025,Male,21027,12260
Sargodha,2026,Female,31769,24739
Sargodha,2026,Male,23265,13337
Swat,2024,Female,10426,10006
Swat,2024,Male,23551,20549
Swat,2025,Female,10206,9296
Swat,2025,Male,21946,17088
Swat,2026,Female,10784,8686
Swat,2026,Male,21747,12497
