Gender,Candidate Type,Group,Appeared,Passed,Failed,Pass %,Board,Year
Female,Private,All,1605,991,614,61.74,Pes,2024
Female,Regular,All,28178,25803,2375,91.57,Pes,2024
Male,Private,All,4692,2507,2185,53.43,Pes,2024
Male,Regular,All,52314,46789,5525,89.44,Pes,2024
Female,Private,All,1728,1015,713,58.74,Pes,2025
Female,Regular,All,29994,27090,2904,90.32,Pes,2025
Male,Private,All,5119,2601,2518,50.81,Pes,2025
Male,Regular,All,54748,45778,8970,83.62,Pes,2025
Female,Private,All,1795,924,871,51.48,Pes,2026
Female,Regular,All,31989,25732,6257,80.44,Pes,2026
Male,Private,All,5873,2606,3267,44.37,Pes,2026
Male,Regular,All,55839,37726,18113,67.56,Pes,2026
Female,Private,All,992,559,433,56.35,Swat,2024
Female,Regular,All,13501,12238,1263,90.65,Swat,2024
Male,Private,All,2328,1116,1212,47.94,Swat,2024
Male,Regular,All,29285,24322,4963,83.05,Swat,2024
Female,Private,All,946,591,355,62.47,Swat,2026
Female,Regular,All,13932,12108,1824,86.91,Swat,2026
Male,Private,All,2898,1490,1408,51.41,Swat,2026
Male,Regular,All,28708,22450,6258,78.2,Swat,2026
Male,Regular,Science,19253,15834,3419,82.24,Ban,2024
Female,Regular,Science,5244,4803,441,91.59,Ban,2024
Male,Private,Science,595,457,138,76.81,Ban,2024
Female,Private,Science,75,61,14,81.33,Ban,2024
Male,Regular,Humanities,279,216,63,77.42,Ban,2024
Female,Regular,Humanities,594,528,66,88.89,Ban,2024
Male,Private,Humanities,3674,1764,1910,48.01,Ban,2024
Female,Private,Humanities,799,559,240,69.96,Ban,2024
Male,Regular,Science,18589,16312,2277,87.75,Ban,2025
Female,Regular,Science,5373,4908,465,91.35,Ban,2025
Male,Private,Science,766,281,485,36.68,Ban,2025
Female,Private,Science,97,27,70,27.84,Ban,2025
Male,Regular,Humanities,214,170,44,79.44,Ban,2025
Female,Regular,Humanities,450,427,23,94.89,Ban,2025
Male,Private,Humanities,1382,771,611,55.79,Ban,2025
Female,Private,Humanities,415,239,176,57.59,Ban,2025
Male,Regular,Science,19677,17482,2195,88.84,Ban,2026
Female,Regular,Science,5695,5473,222,96.1,Ban,2026
Male,Private,Science,531,232,299,43.69,Ban,2026
Female,Private,Science,90,31,59,34.44,Ban,2026
Male,Regular,Humanities,231,202,29,87.45,Ban,2026
Female,Regular,Humanities,665,634,31,95.34,Ban,2026
Male,Private,Humanities,1805,1293,512,71.63,Ban,2026
Female,Private,Humanities,546,415,131,76.01,Ban,2026
Female,Regular,Science,16588,14227,2361,85.77,Abb,2024
Female,Regular,Arts,10010,7033,2977,70.26,Abb,2024
Male,Regular,Science,33168,28437,4731,85.74,Abb,2024
Male,Regular,Arts,4966,3638,1328,73.26,Abb,2024
Female,Private,Science,785,479,306,61.02,Abb,2024
Female,Private,Arts,2125,1159,966,54.54,Abb,2024
Male,Private,Science,1488,1183,305,79.5,Abb,2024
Male,Private,Arts,3175,1825,1350,57.48,Abb,2024
Female,Regular,Science,17046,15086,1960,88.5,Abb,2025
Female,Regular,Arts,9070,6247,2823,68.88,Abb,2025
Male,Regular,Science,33433,29028,4405,86.82,Abb,2025
Male,Regular,Arts,4260,2710,1550,63.62,Abb,2025
Female,Private,Science,764,481,283,62.96,Abb,2025
Female,Private,Arts,2448,1237,1211,50.53,Abb,2025
Male,Private,Science,1600,1133,467,70.81,Abb,2025
Male,Private,Arts,3008,1621,1387,53.89,Abb,2025
Female,Regular,Science,18229,14991,3238,82.24,Abb,2026
Female,Regular,Arts,8604,5625,2979,65.38,Abb,2026
Male,Regular,Science,33590,29047,4543,86.48,Abb,2026
Male,Regular,Arts,4300,3265,1035,75.93,Abb,2026
Female,Private,Science,688,352,336,51.16,Abb,2026
Female,Private,Arts,2489,1436,1053,57.69,Abb,2026
Male,Private,Science,1521,1130,391,74.29,Abb,2026
Male,Private,Arts,3256,2106,1150,64.68,Abb,2026
Female,Regular,Deaf and Dumb,27,27,0,100.0,Sar,2024
Male,Regular,Deaf and Dumb,66,66,0,100.0,Sar,2024
Female,Regular,Humanities,10068,7545,2523,74.94,Sar,2024
Male,Regular,Humanities,2232,1340,892,60.04,Sar,2024
Female,Regular,Science,29145,25332,3813,86.92,Sar,2024
Male,Regular,Science,37899,29501,8398,77.84,Sar,2024
Female,Private,Additional,7,5,2,71.43,Sar,2024
Male,Private,Additional,29,17,12,58.62,Sar,2024
Female,Private,Deaf and Dumb,16,14,2,87.5,Sar,2024
Male,Private,Deaf and Dumb,13,11,2,84.62,Sar,2024
Female,Private,Humanities,1895,1152,743,60.79,Sar,2024
Male,Private,Humanities,1680,868,812,51.67,Sar,2024
Female,Private,Humanities (Rule-41),22,13,9,59.09,Sar,2024
Male,Private,Humanities (Rule-41),15,10,5,66.67,Sar,2024
Female,Private,Science,5522,4255,1267,77.06,Sar,2024
Male,Private,Science,8357,5117,3240,61.23,Sar,2024
Female,Regular,Deaf and Dumb,33,33,0,100.0,Sar,2026
Male,Regular,Deaf and Dumb,45,45,0,100.0,Sar,2026
Female,Regular,Humanities,10821,7411,3410,68.49,Sar,2026
Male,Regular,Humanities,1935,957,978,49.46,Sar,2026
Female,Regular,Science,28508,23300,5208,81.73,Sar,2026
Male,Regular,Science,34471,23980,10491,69.57,Sar,2026
Female,Private,Additional,15,11,4,73.33,Sar,2026
Male,Private,Additional,27,13,14,48.15,Sar,2026
Female,Private,Deaf and Dumb,2,2,0,100.0,Sar,2026
Male,Private,Deaf and Dumb,11,10,1,90.91,Sar,2026
Female,Private,Humanities,2646,1414,1232,53.44,Sar,2026
Male,Private,Humanities,2331,930,1401,39.9,Sar,2026
Female,Private,Humanities (Rule-41),19,11,8,57.89,Sar,2026
Male,Private,Humanities (Rule-41),12,6,6,50.0,Sar,2026
Female,Private,Science,7483,4985,2498,66.62,Sar,2026
Male,Private,Science,12252,5529,6723,45.13,Sar,2026
Female,Private,All,1272,999,273,78.54,Mar,2024
Female,Regular,All,27092,25026,2066,92.37,Mar,2024
Male,Private,All,3351,2186,1165,65.23,Mar,2024
Male,Regular,All,42722,38662,4060,90.5,Mar,2024
Female,Private,All,1132,702,430,62.01,Mar,2025
Female,Regular,All,27988,23207,4781,82.92,Mar,2025
Male,Private,All,3515,1599,1916,45.49,Mar,2025
Male,Regular,All,44265,32372,11893,73.13,Mar,2025
Female,Private,All,1090,718,372,65.87,Mar,2026
Female,Regular,All,28628,24103,4525,84.19,Mar,2026
Male,Private,All,3700,2263,1437,61.16,Mar,2026
Male,Regular,All,44126,34965,9161,79.24,Mar,2026
Female,Private,All,832,648,184,77.88,Koh,2024
Female,Regular,All,12632,11744,888,92.97,Koh,2024
Male,Private,All,2970,2140,830,72.05,Koh,2024
Male,Regular,All,31098,28109,2989,90.39,Koh,2024
Female,Private,All,821,596,225,72.59,Koh,2025
Female,Regular,All,13220,10859,2361,82.14,Koh,2025
Male,Private,All,3349,1783,1566,53.24,Koh,2025
Male,Regular,All,31835,18757,13078,58.92,Koh,2025
Female,Private,All,1002,609,393,60.78,Koh,2026
Female,Regular,All,13484,8948,4536,66.36,Koh,2026
Male,Private,All,7269,3546,3723,48.78,Koh,2026
Male,Regular,All,29383,10756,18627,36.61,Koh,2026
Male,All,All,50769,39795,10974,0.78,DGK,2024
Female,All,All,42459,37010,5449,0.87,DGK,2024
Male,All,All,48835,37535,11300,0.77,DGK,2025
Female,All,All,42345,36644,5701,0.87,DGK,2025
Male,All,All,51756,37533,14223,0.73,DGK,2026
Female,All,All,44726,37591,7135,0.84,DGK,2026
Female,All,All,38584,29779,8805,77.18,SWL,2024
Female,Private,All,8045,5480,2565,68.12,SWL,2024
Female,Regular,All,30539,24299,6240,79.57,SWL,2024
Male,All,All,34575,23427,11148,67.76,SWL,2024
Male,Private,All,8487,3878,4609,45.69,SWL,2024
Male,Regular,All,26088,19549,6539,74.93,SWL,2024
Female,All,All,38271,28417,9854,74.25,SWL,2025
Female,Private,All,10039,6209,3830,61.85,SWL,2025
Female,Regular,All,28232,22208,6024,78.66,SWL,2025
Male,All,All,33518,20263,13255,60.45,SWL,2025
Male,Private,All,11209,4454,6755,39.74,SWL,2025
Male,Regular,All,22309,15809,6500,70.86,SWL,2025
Female,All,All,44081,31243,12838,70.88,SWL,2026
Female,Private,All,12024,7088,4936,58.95,SWL,2026
Female,Regular,All,32057,24155,7902,75.35,SWL,2026
Male,All,All,40078,23545,16533,58.75,SWL,2026
Male,Private,All,14453,5745,8708,39.75,SWL,2026
Male,Regular,All,25625,17800,7825,69.46,SWL,2026
Female,Private,All,5057,3180,1877,62.88,FBISE,2024
Female,Regular,All,57124,53758,3366,94.11,FBISE,2024
Male,Private,All,9116,4672,4444,51.25,FBISE,2024
Male,Regular,All,56536,51141,5395,90.46,FBISE,2024
Female,Private,All,6184,3809,2375,61.59,FBISE,2025
Female,Regular,All,60100,56953,3147,94.76,FBISE,2025
Male,Private,All,11042,5753,5289,52.1,FBISE,2025
Male,Regular,All,59519,54605,4914,91.74,FBISE,2025
Female,Private,All,6507,4326,2181,66.48,FBISE,2026
Female,Regular,All,62079,60172,1907,96.93,FBISE,2026
Male,Private,All,11221,6526,4695,58.16,FBISE,2026
Male,Regular,All,60419,57046,3373,94.42,FBISE,2026
Male,All,All,59285,39301,19984,66.29,RWP,2024
Female,All,All,59980,48338,11642,80.59,RWP,2024
Male,All,All,58786,30297,28489,51.54,RWP,2025
Female,All,All,60507,44703,15804,73.88,RWP,2025
Male,All,All,58692,30512,28180,51.99,RWP,2026
Female,All,All,61719,43317,18402,70.18,RWP,2026
Female,Private,All,12007,8216,3791,68.43,FSD,2024
Female,Regular,All,78327,67780,10547,86.53,FSD,2024
Male,Private,All,15900,8184,7716,51.47,FSD,2024
Male,Regular,All,68334,55033,13301,80.54,FSD,2024
Female,Private,All,15320,10479,4841,68.4,FSD,2025
Female,Regular,All,75550,66214,9336,87.64,FSD,2025
Male,Private,All,21736,11732,10004,53.97,FSD,2025
Male,Regular,All,60633,49523,11110,81.68,FSD,2025
Female,Private,All,17854,10883,6971,60.96,FSD,2026
Female,Regular,All,79779,66618,13161,83.5,FSD,2026
Male,Private,All,26973,12903,14070,47.84,FSD,2026
Male,Regular,All,68319,53685,14634,78.58,FSD,2026
Female,Private,Arts,15867,8553,7314,53.9,LHR,2024
Female,Private,Science,33024,21883,11141,66.26,LHR,2024
Female,Regular,Arts,20894,14763,6131,70.66,LHR,2024
Female,Regular,Science,67403,58480,8923,86.76,LHR,2024
Male,Private,Arts,12554,4262,8292,33.95,LHR,2024
Male,Private,Science,35291,17706,17585,50.17,LHR,2024
Male,Regular,Arts,5896,2824,3072,47.9,LHR,2024
Male,Regular,Science,59298,46066,13232,77.69,LHR,2024
Female,Private,Arts,17379,8986,8393,51.71,LHR,2025
Female,Private,Science,38492,24164,14328,62.78,LHR,2025
Female,Regular,Arts,22374,15681,6693,70.09,LHR,2025
Female,Regular,Science,61362,52796,8566,86.04,LHR,2025
Male,Private,Arts,14172,4235,9937,29.88,LHR,2025
Male,Private,Science,42399,18403,23996,43.4,LHR,2025
Male,Regular,Arts,5060,2285,2775,45.16,LHR,2025
Male,Regular,Science,52774,39362,13412,74.59,LHR,2025
Female,Private,Arts,20456,9869,10587,48.25,LHR,2026
Female,Private,Science,46059,29761,16298,64.61,LHR,2026
Female,Regular,Arts,22574,14666,7908,64.97,LHR,2026
Female,Regular,Science,65283,56898,8385,87.16,LHR,2026
Male,Private,Arts,16566,4711,11855,28.44,LHR,2026
Male,Private,Science,52342,22566,29776,43.11,LHR,2026
Male,Regular,Arts,5230,2374,2856,45.39,LHR,2026
Male,Regular,Science,53798,41341,12457,76.84,LHR,2026
Female,All,All,49601,40584,9017,81.82,BWP,2024
Male,All,All,45639,31308,14331,68.6,BWP,2024
Female,All,All,48230,37072,11158,76.87,BWP,2025
Male,All,All,42263,25788,16475,61.02,BWP,2025
Female,All,All,50413,36928,13485,73.25,BWP,2026
Male,All,All,45832,26084,19748,56.91,BWP,2026
Female,Private,All,34009,22984,11025,67.58,GRW,2024
Female,Regular,All,97032,81567,15465,84.06,GRW,2024
Male,Private,All,26192,13215,12977,50.45,GRW,2024
Male,Regular,All,67304,50488,16816,75.01,GRW,2024
Female,Private,All,39765,25704,14061,64.64,GRW,2025
Female,Regular,All,93516,77507,16009,82.88,GRW,2025
Male,Private,All,33621,14288,19333,42.5,GRW,2025
Male,Regular,All,58169,41364,16805,71.11,GRW,2025
Female,Private,All,45710,28503,17207,62.36,GRW,2026
Female,Regular,All,95912,78089,17823,81.42,GRW,2026
Male,Private,All,41503,18210,23293,43.88,GRW,2026
Male,Regular,All,59066,43464,15602,73.59,GRW,2026
