Grade,Count,Board,Year
A1,22114,Pes,2024
A,20448,Pes,2024
B,20368,Pes,2024
C,11701,Pes,2024
D,1463,Pes,2024
E,7,Pes,2024
Fail,10688,Pes,2024
A1,24711,Pes,2025
A,23587,Pes,2025
B,18887,Pes,2025
C,8442,Pes,2025
D,859,Pes,2025
E,7,Pes,2025
Fail,15096,Pes,2025
A1,15818,Pes,2026
A,20985,Pes,2026
B,20001,Pes,2026
C,9257,Pes,2026
D,929,Pes,2026
E,2,Pes,2026
Fail,28504,Pes,2026
A1,8427,Swat,2024
A,9974,Swat,2024
B,11404,Swat,2024
C,7318,Swat,2024
D,1106,Swat,2024
E (Pass),6,Swat,2024
Fail,7871,Swat,2024
A1,9766,Swat,2026
A,11434,Swat,2026
B,9859,Swat,2026
C,4850,Swat,2026
D,729,Swat,2026
E (Pass),1,Swat,2026
Fail,9845,Swat,2026
A1,4105,Ban,2024
A,7138,Ban,2024
B,7263,Ban,2024
C,4913,Ban,2024
D,745,Ban,2024
Fail,6349,Ban,2024
A1,5051,Ban,2025
A,6244,Ban,2025
B,6990,Ban,2025
C,4599,Ban,2025
D,549,Ban,2025
E,3853,Ban,2025
A1,7125,Ban,2026
A,9037,Ban,2026
B,6958,Ban,2026
C,2751,Ban,2026
D,226,Ban,2026
Fail,3143,Ban,2026
A+,18225,DGK,2024
A,17518,DGK,2024
B,21661,DGK,2024
C,16504,DGK,2024
D,2850,DGK,2024
E/No Grade,16470,DGK,2024
A+,16323,DGK,2025
A,17140,DGK,2025
B,21453,DGK,2025
C,16163,DGK,2025
D,3077,DGK,2025
E/No Grade,17024,DGK,2025
A+,18096,DGK,2026
A,16385,DGK,2026
B,19703,DGK,2026
C,17048,DGK,2026
D,3877,DGK,2026
E/No Grade,21373,DGK,2026
A+,9184,SWL,2024
A,9532,SWL,2024
B,13694,SWL,2024
C,15156,SWL,2024
D,5451,SWL,2024
E (Pass),189,SWL,2024
Fail,19953,SWL,2024
A+,8158,SWL,2025
A,8498,SWL,2025
B,12584,SWL,2025
C,13956,SWL,2025
D,5362,SWL,2025
E (Pass),122,SWL,2025
Fail,23109,SWL,2025
A+,9795,SWL,2026
A,9599,SWL,2026
B,13779,SWL,2026
C,15616,SWL,2026
D,5903,SWL,2026
E (Pass),96,SWL,2026
Fail,29371,SWL,2026
A+,22459,FSD,2024
A,24567,FSD,2024
B,50409,FSD,2024
C,32342,FSD,2024
D,9441,FSD,2024
E,124,FSD,2024
Fail,35226,FSD,2024
A+,21037,FSD,2025
A,23838,FSD,2025
B,55310,FSD,2025
C,29729,FSD,2025
D,8036,FSD,2025
E,79,FSD,2025
Fail,35210,FSD,2025
A+,24403,FSD,2026
A,25748,FSD,2026
B,57846,FSD,2026
C,28814,FSD,2026
D,7285,FSD,2026
E,52,FSD,2026
Fail,48777,FSD,2026
A+,32341,LHR,2024
A,30834,LHR,2024
B,42212,LHR,2024
C,47352,LHR,2024
D,20817,LHR,2024
E,76671,LHR,2024
A+,31724,LHR,2025
A,29617,LHR,2025
B,40751,LHR,2025
C,43665,LHR,2025
D,19340,LHR,2025
E,88915,LHR,2025
A+,37414,LHR,2026
A,32225,LHR,2026
B,44038,LHR,2026
C,47418,LHR,2026
D,20406,LHR,2026
E,100807,LHR,2026
