Board,Year,Grade,Count
Bahawalpur,2025,A,10826
Bahawalpur,2025,A+,10712
Bahawalpur,2025,B,13773
Bahawalpur,2025,C,9895
Bahawalpur,2025,D,2324
Bahawalpur,2025,E,44
Bahawalpur,2026,A,10417
Bahawalpur,2026,A+,10353
Bahawalpur,2026,B,12109
Bahawalpur,2026,C,6752
Bahawalpur,2026,D,967
Bahawalpur,2026,E,13
DGK,2025,A,15135
DGK,2025,A+,17459
DGK,2025,B,16028
DGK,2025,C,9826
DGK,2025,D,2212
DGK,2025,E,38
DGK,2026,A,13960
DGK,2026,A+,15733
DGK,2026,B,14022
DGK,2026,C,6464
DGK,2026,D,893
DGK,2026,E,9
Peshawar,2025,A,19860
Peshawar,2025,A1,21106
Peshawar,2025,B,15339
Peshawar,2025,C,5183
Peshawar,2025,D,265
Peshawar,2026,A,12908
Peshawar,2026,A1,8827
Peshawar,2026,B,12194
Peshawar,2026,C,4841
Peshawar,2026,D,333
Swat,2026,A,7805
Swat,2026,A-1,6525
Swat,2026,B,7219
Swat,2026,C,3037
Swat,2026,D,222
Swat,2026,E,0
