Board,Year,Group,Appeared,Passed,Pass %
Abbottabad,2025,Humanities,19284,7091,0.36771416718523126
Abbottabad,2025,Science,54175,36678,0.6770281495154592
Abbottabad,2026,Humanities,17459,7857,0.4500257746720889
Abbottabad,2026,Science,54908,38362,0.6986595760180666
Bahawalpur,2025,Humanities,12223,5041,0.4124192096866563
Bahawalpur,2025,Science,98214,42533,0.4330645325513674
Bahawalpur,2026,Humanities,14051,3098,0.22048252793395487
Bahawalpur,2026,Science,87629,36241,0.41357313218226843
Bannu,2025,Humanities,4175,1962,0.46994011976047906
Bannu,2025,Science,26064,19020,0.7297421731123389
Bannu,2026,Humanities,3237,1840,0.5684275563793636
Bannu,2026,Science,27791,21795,0.78424669857148
DGK,2025,Humanities,4495,2365,0.5261401557285873
DGK,2025,Science,101359,58333,0.575508834933257
DGK,2026,Humanities,4904,1145,0.23348287112561175
DGK,2026,Science,101097,49936,0.49394146216010365
FBISE,2025,Humanities,16798,9428,0.5612572925348256
FBISE,2025,Science,127758,80454,0.6297374724087729
FBISE,2026,Humanities,15993,3482,0.2177202526105171
FBISE,2026,Science,132318,85164,0.6436312519838571
FSD,2025,Humanities,39791,17503,0.4398733381920535
FSD,2025,Science,165237,88122,0.5333067049147588
FSD,2026,Humanities,39971,11268,0.2819043806759901
FSD,2026,Science,150892,86991,0.5765116772260955
Gujranwala,2025,Humanities,70864,32767,0.46239275231429217
Gujranwala,2025,Science,200451,101130,0.504512324707784
Gujranwala,2026,Humanities,72244,20839,0.28845302032002657
Gujranwala,2026,Science,169137,91805,0.5427848430562207
Kohat,2025,Humanities,5244,1724,0.3287566742944317
Kohat,2025,Science,46515,19765,0.4249166935397184
Kohat,2026,Humanities,4465,1193,0.2671892497200448
Kohat,2026,Science,41471,12826,0.3092763617949893
Lahore,2025,Humanities,72826,27213,0.37367149095103397
Lahore,2025,Science,235247,111681,0.4747393165481388
Lahore,2026,Humanities,70761,16228,0.2293353683526236
Lahore,2026,Science,203844,111802,0.5484684366476325
Mardan,2025,Humanities,23353,23005,0.9850982743116516
Mardan,2025,Science,59313,58997,0.9946723315293443
Mardan,2026,Humanities,21172,20858,0.9851690912525978
Mardan,2026,Science,61293,60911,0.9937676406767494
Peshawar,2025,Humanities,18577,18110,0.9748613877375248
Peshawar,2025,Science,83311,82550,0.9908655519679274
Peshawar,2026,Humanities,16662,16320,0.9794742527907814
Peshawar,2026,Science,81288,80630,0.9919053242791064
Rawalpindi,2025,Humanities,26146,10850,0.41497743440679263
Rawalpindi,2025,Science,99843,42807,0.428743126708933
Rawalpindi,2026,Humanities,27558,5787,0.2099934683213586
Rawalpindi,2026,Science,87499,37593,0.4296391958765243
Sahiwal,2025,Humanities,15843,6841,0.43179953291674555
Sahiwal,2025,Science,80133,37353,0.46613754632922766
Sahiwal,2026,Humanities,15464,2769,0.17906104500775996
Sahiwal,2026,Science,66719,32959,0.49399721218843207
Sargodha,2025,Humanities,19591,8304,0.42386810270021946
Sargodha,2025,Science,92816,43778,0.47166436821237717
Sargodha,2026,Humanities,21482,5601,0.2607299134158831
Sargodha,2026,Science,81729,38738,0.4739810838258146
Swat,2026,Humanities,4203,1037,0.24672852724244587
Swat,2026,Science,45842,23771,0.5185419484315693
