Subject,Appeared,Passed,Pass %,Board,Year
History And Geo Of Pakistan,9,9,100.0,Pes,2024
Mbh,1,1,100.0,Pes,2024
Persian,1,1,100.0,Pes,2024
Urdu,86716,85790,98.9,Pes,2024
Physics,70498,69421,98.5,Pes,2024
Elements Of Home Economics,5375,5288,98.4,Pes,2024
English,87549,86004,98.2,Pes,2024
Mutala E Quran Hakeem,89927,88309,98.2,Pes,2024
Food And Nutrition,50,49,98.0,Pes,2024
Biology,68423,66676,97.5,Pes,2024
Chemistry,70199,68437,97.5,Pes,2024
Mathematics,70095,68301,97.4,Pes,2024
Pashto,3346,3248,97.1,Pes,2024
Art And Model Drawing,5103,4949,97.0,Pes,2024
Islamiyat,102779,99562,96.9,Pes,2024
Pakistan Studies,88624,85546,96.5,Pes,2024
Arabic,1061,1018,96.0,Pes,2024
General Science,17911,17001,94.9,Pes,2024
Computer Science,3224,3052,94.7,Pes,2024
Civics,1445,1357,93.9,Pes,2024
Health And Physical Education,1663,1521,91.5,Pes,2024
Ethics,351,315,89.7,Pes,2024
Urdu Literature,26,23,88.5,Pes,2024
Education,112,98,87.5,Pes,2024
Economics,26,22,84.6,Pes,2024
General Mathematics,18792,15299,81.4,Pes,2024
Geography,5,4,80.0,Pes,2024
Islamic History,973,541,55.6,Pes,2024
History Of Indo Pak,6,3,50.0,Pes,2024
English Literature,2,1,50.0,Pes,2024
English Literature,3,3,100.0,Pes,2025
Geometrical And Technical Drawing,1,1,100.0,Pes,2025
History And Geo Of Pakistan,9,9,100.0,Pes,2025
Elements Of Home Economics,5181,5128,99.0,Pes,2025
Urdu,91357,90278,98.8,Pes,2025
Mutala E Quran Hakeem,91866,90391,98.4,Pes,2025
Art And Model Drawing,5461,5321,97.4,Pes,2025
English,93759,91350,97.4,Pes,2025
Pashto,3426,3332,97.3,Pes,2025
Pakistan Studies,91803,88884,96.8,Pes,2025
Islamiyat,107972,104100,96.4,Pes,2025
Biology,71974,69009,95.9,Pes,2025
Arabic,985,944,95.8,Pes,2025
Physics,74765,71392,95.5,Pes,2025
Chemistry,74931,71514,95.4,Pes,2025
Mathematics,74763,71053,95.0,Pes,2025
Ethics,380,356,93.7,Pes,2025
General Science,18264,17042,93.3,Pes,2025
Civics,1629,1517,93.1,Pes,2025
Computer Science,3682,3412,92.7,Pes,2025
Health And Physical Education,1942,1762,90.7,Pes,2025
Urdu Literature,21,18,85.7,Pes,2025
General Mathematics,19878,14917,75.0,Pes,2025
Education,105,76,72.4,Pes,2025
Geography,14,10,71.4,Pes,2025
Economics,65,45,69.2,Pes,2025
Islamic History,954,554,58.1,Pes,2025
History Of Indo Pak,7,2,28.6,Pes,2025
History Of Indo Pak,1,1,100.0,Pes,2026
English Literature,1,1,100.0,Pes,2026
Urdu Literature,1,1,100.0,Pes,2026
Mbh,1,1,100.0,Pes,2026
Elements Of Home Economics,4584,4519,98.6,Pes,2026
Urdu,93000,90836,97.7,Pes,2026
Pashto,3179,3094,97.3,Pes,2026
Mutala E Quran Hakeem,93089,90042,96.7,Pes,2026
Ethics,393,380,96.7,Pes,2026
Arabic,711,686,96.5,Pes,2026
Art And Model Drawing,4835,4663,96.4,Pes,2026
English,95573,91551,95.8,Pes,2026
Islamiyat,107803,100710,93.4,Pes,2026
Pakistan Studies,94577,86676,91.7,Pes,2026
Civics,1276,1166,91.4,Pes,2026
Health And Physical Education,1626,1479,91.0,Pes,2026
History And Geo Of Pakistan,11,10,90.9,Pes,2026
Physics,80870,73175,90.5,Pes,2026
Chemistry,81563,73024,89.5,Pes,2026
Mathematics,81065,71897,88.7,Pes,2026
Biology,78180,68879,88.1,Pes,2026
Computer Science,3944,3467,87.9,Pes,2026
Islamic History,687,560,81.5,Pes,2026
General Science,16964,13615,80.3,Pes,2026
Education,40,32,80.0,Pes,2026
Economics,11,8,72.7,Pes,2026
General Mathematics,18576,11358,61.1,Pes,2026
Geography,2,1,50.0,Pes,2026
Persian,1,0,0.0,Pes,2026
Art And Model Drawing,310,309,99.7,Swat,2024
Urdu,45329,44857,99.0,Swat,2024
Mutala E Quran Hakeem,44642,44158,98.9,Swat,2024
Computer Science,486,480,98.8,Swat,2024
Elements Of Home Economics,169,167,98.8,Swat,2024
Arabic,295,290,98.3,Swat,2024
Pashto,2877,2822,98.1,Swat,2024
English,45435,44433,97.8,Swat,2024
Civics,263,257,97.7,Swat,2024
General Science,4220,4117,97.6,Swat,2024
Islamiyat,48833,47463,97.2,Swat,2024
Biology,40349,39232,97.2,Swat,2024
Physics,40796,39243,96.2,Swat,2024
Mathematics,40719,39013,95.8,Swat,2024
Pakistan Studies,45154,42842,94.9,Swat,2024
Chemistry,40714,38380,94.3,Swat,2024
Health And Physical Education,278,262,94.2,Swat,2024
Urdu Literature,74,65,87.8,Swat,2024
General Mathematics,4235,3120,73.7,Swat,2024
English Literature,10,7,70.0,Swat,2024
Islamic History,339,174,51.3,Swat,2024
Pakistani Culture,6,6,100.0,Swat,2026
Economics,1,1,100.0,Swat,2026
Health And Physical Education,312,309,99.0,Swat,2026
Urdu,44879,44443,99.0,Swat,2026
Mutala E Quran Hakeem,44630,44065,98.7,Swat,2026
English,44953,44294,98.5,Swat,2026
Elements Of Home Economics,187,184,98.4,Swat,2026
Art And Model Drawing,134,131,97.8,Swat,2026
Islamiyat,48232,47123,97.7,Swat,2026
Arabic,237,231,97.5,Swat,2026
Pashto,2682,2611,97.3,Swat,2026
Civics,385,372,96.6,Swat,2026
Ethics,24,23,95.8,Swat,2026
Biology,40314,38635,95.8,Swat,2026
Computer Science,485,464,95.7,Swat,2026
General Science,3862,3695,95.7,Swat,2026
Physics,41021,39258,95.7,Swat,2026
Chemistry,41022,39127,95.4,Swat,2026
Pakistan Studies,45016,42901,95.3,Swat,2026
Islamic History,373,353,94.6,Swat,2026
Mathematics,41204,36442,88.4,Swat,2026
General Mathematics,3984,2521,63.3,Swat,2026
Economics,,,100.0,Abb,2024
Geography Of Pakistan,,,100.0,Abb,2024
Pashto,,,100.0,Abb,2024
Food And Nutrition,,,100.0,Abb,2024
Urdu,,,99.6,Abb,2024
Mutala E Quran Hakeem,,,99.5,Abb,2024
Health And Physical Education,,,99.4,Abb,2024
English,,,98.9,Abb,2024
Arabic,,,98.6,Abb,2024
Art And Model Drawing,,,97.9,Abb,2024
Computer Science,,,97.0,Abb,2024
Islamiyat,,,96.9,Abb,2024
Civics,,,96.9,Abb,2024
Islamic Studies Elective,,,96.7,Abb,2024
Biology,,,96.3,Abb,2024
Chemistry,,,96.2,Abb,2024
Pakistan Studies,,,94.9,Abb,2024
Physics,,,94.5,Abb,2024
Ethics,,,94.1,Abb,2024
Mathematics,,,93.6,Abb,2024
Home Economics,,,92.6,Abb,2024
General Science,,,91.0,Abb,2024
Islamic History,,,87.9,Abb,2024
General Mathematics,,,80.1,Abb,2024
Management For Better Home,,,0.0,Abb,2024
Economics,,,100.0,Abb,2025
Food And Nutrition,,,100.0,Abb,2025
Geography Of Pakistan,,,100.0,Abb,2025
Health And Physical Education,,,99.2,Abb,2025
Urdu,,,99.2,Abb,2025
Computer Science,,,98.9,Abb,2025
Mutala E Quran Hakeem,,,98.9,Abb,2025
Art And Model Drawing,,,98.8,Abb,2025
Biology,,,97.4,Abb,2025
Arabic,,,97.1,Abb,2025
English,,,96.8,Abb,2025
Islamic Studies Elective,,,96.5,Abb,2025
Civics,,,96.2,Abb,2025
Pakistan Studies,,,95.8,Abb,2025
Physics,,,95.6,Abb,2025
Chemistry,,,95.5,Abb,2025
Ethics,,,95.2,Abb,2025
Mathematics,,,95.2,Abb,2025
Home Economics,,,95.1,Abb,2025
Pashto,,,94.6,Abb,2025
General Science,,,94.5,Abb,2025
Islamiyat,,,94.3,Abb,2025
Islamic History,,,87.6,Abb,2025
General Mathematics,,,76.8,Abb,2025
Food And Nutrition,,,100.0,Abb,2026
Urdu,,,99.0,Abb,2026
Health And Physical Education,,,98.9,Abb,2026
English,,,98.4,Abb,2026
Mutala E Quran Hakeem,,,98.4,Abb,2026
Home Economics,,,98.3,Abb,2026
Art And Model Drawing,,,97.8,Abb,2026
Civics,,,97.6,Abb,2026
Chemistry,,,97.3,Abb,2026
Computer Science,,,97.1,Abb,2026
Pakistan Studies,,,96.6,Abb,2026
Islamiyat,,,96.3,Abb,2026
Islamic Studies Elective,,,96.3,Abb,2026
Physics,,,95.3,Abb,2026
Biology,,,95.3,Abb,2026
Arabic,,,94.4,Abb,2026
Ethics,,,93.3,Abb,2026
Mathematics,,,91.8,Abb,2026
General Science,,,91.1,Abb,2026
Islamic History,,,90.4,Abb,2026
Pashto,,,88.1,Abb,2026
Geography Of Pakistan,,,80.0,Abb,2026
General Mathematics,,,78.7,Abb,2026
Economics,,,71.4,Abb,2026
Beautician,260,,100.0,Sar,2024
Art And Model Drawing,4,,100.0,Sar,2024
Drawing,119,,100.0,Sar,2024
Persian,7,,100.0,Sar,2024
Beautician,3,,100.0,Sar,2024
Electrical Wiring,12,,100.0,Sar,2024
Elements Of Home Economics,198,,99.5,Sar,2024
Food And Nutrition,667,,99.4,Sar,2024
Elements Of Home Economics,4183,,99.1,Sar,2024
Urdu,93517,,98.9,Sar,2024
Punjabi,626,,98.6,Sar,2024
Ethics,964,,98.4,Sar,2024
Religious Education,963,,98.4,Sar,2024
Translation Of Holy Quran,91904,,97.9,Sar,2024
Islamiyat,92364,,97.6,Sar,2024
Advanced Islamic Studies,11620,,97.0,Sar,2024
Health And Physical Education,6143,,96.1,Sar,2024
Punjabi,47,,95.7,Sar,2024
Economics,87,,95.4,Sar,2024
Electrical Wiring,160,,95.0,Sar,2024
Food And Nutrition,20,,95.0,Sar,2024
Pakistan Studies,93529,,93.7,Sar,2024
Dress Making And Fashion Designing,738,,93.6,Sar,2024
Arabic,252,,91.3,Sar,2024
Poultry Farming,59,,89.8,Sar,2024
Education,1188,,88.7,Sar,2024
Biology,45317,,87.8,Sar,2024
Computer Science,35863,,86.9,Sar,2024
Arabic,707,,86.4,Sar,2024
Economics,29,,86.2,Sar,2024
General Science,15228,,86.0,Sar,2024
Mathematics,79054,,85.9,Sar,2024
Dress Making And Fashion Designing,7,,85.7,Sar,2024
Islamiyat,2758,,85.5,Sar,2024
Translation Of Holy Quran,2269,,85.5,Sar,2024
Civics,882,,84.6,Sar,2024
Advanced Islamic Studies,835,,82.6,Sar,2024
Physics,78613,,81.8,Sar,2024
Poultry Farming,9,,77.8,Sar,2024
Ethics,27,,77.8,Sar,2024
Religious Education,26,,76.9,Sar,2024
Chemistry,78627,,76.7,Sar,2024
Urdu,3725,,76.3,Sar,2024
English,95185,,74.3,Sar,2024
Pakistan Studies,4841,,71.3,Sar,2024
English,16868,,70.7,Sar,2024
Health And Physical Education,478,,62.3,Sar,2024
Education,133,,61.7,Sar,2024
General Science,2186,,61.3,Sar,2024
Computer Science,2742,,59.0,Sar,2024
Biology,5020,,57.8,Sar,2024
Civics,239,,50.6,Sar,2024
General Mathematics,3128,,49.3,Sar,2024
General Mathematics,15498,,49.0,Sar,2024
Physics,7615,,46.4,Sar,2024
Chemistry,10919,,38.4,Sar,2024
Mathematics,17069,,35.2,Sar,2024
Drawing,84,,100.0,Sar,2026
Persian,2,,100.0,Sar,2026
Beautician,9,,100.0,Sar,2026
Poultry Farming,4,,100.0,Sar,2026
Electrical Wiring,17,,100.0,Sar,2026
Dress Making And Fashion Designing,25,,100.0,Sar,2026
Religious Education,3,,100.0,Sar,2026
Arabic,232,,99.6,Sar,2026
Punjabi,429,,99.5,Sar,2026
Health And Physical Education,7170,,99.0,Sar,2026
Electrical Wiring,213,,98.6,Sar,2026
Ethics,975,,98.3,Sar,2026
Advanced Islamic Studies,835,,98.2,Sar,2026
Urdu,94708,,97.5,Sar,2026
Economics,120,,97.5,Sar,2026
Elements Of Home Economics,3914,,96.4,Sar,2026
Beautician,249,,96.0,Sar,2026
Translation Of Holy Quran,93652,,95.6,Sar,2026
Advanced Islamic Studies,11872,,94.2,Sar,2026
Pakistan Studies,94188,,91.5,Sar,2026
Poultry Farming,184,,91.3,Sar,2026
Food And Nutrition,853,,91.1,Sar,2026
Arabic,676,,90.7,Sar,2026
Education,1304,,89.3,Sar,2026
Food And Nutrition,25,,88.0,Sar,2026
Education,112,,87.5,Sar,2026
Dress Making And Fashion Designing,1139,,84.9,Sar,2026
Biology,37499,,84.7,Sar,2026
Computer Science,45479,,84.5,Sar,2026
Punjabi,26,,80.8,Sar,2026
Civics,1057,,80.1,Sar,2026
Health And Physical Education,343,,78.4,Sar,2026
Mathematics,79894,,78.3,Sar,2026
Translation Of Holy Quran,2720,,77.0,Sar,2026
Pakistan Studies,391,,76.7,Sar,2026
Elements Of Home Economics,506,,75.9,Sar,2026
English,97252,,74.3,Sar,2026
Religious Education,34,,73.5,Sar,2026
Physics,79753,,72.4,Sar,2026
General Science,16899,,71.8,Sar,2026
Chemistry,79938,,70.8,Sar,2026
Urdu,3074,,68.9,Sar,2026
Civics,207,,68.6,Sar,2026
Islamiyat,101,,68.3,Sar,2026
Art And Model Drawing,3,,66.7,Sar,2026
Ethics,54,,66.7,Sar,2026
Computer Science,5768,,58.5,Sar,2026
English,13414,,54.8,Sar,2026
General Mathematics,17304,,48.2,Sar,2026
Economics,19,,47.4,Sar,2026
Biology,6287,,43.5,Sar,2026
General Science,3888,,43.0,Sar,2026
Physics,13675,,41.0,Sar,2026
Mathematics,19945,,31.4,Sar,2026
General Mathematics,3659,,28.9,Sar,2026
Chemistry,17990,,22.4,Sar,2026
Wood Work Furniture Making,28,28,100.0,Koh,2024
Computer Science For Deaf,28,28,100.0,Koh,2024
Economics,2,2,100.0,Koh,2024
Elements Of Home Economics,2310,2296,99.4,Koh,2024
Mutala E Quran Hakeem,45855,45220,98.6,Koh,2024
Urdu,46302,45566,98.4,Koh,2024
Mathematics,41825,41015,98.1,Koh,2024
English,46646,45720,98.0,Koh,2024
Pakistan Studies,46299,45332,97.9,Koh,2024
Chemistry,41907,41045,97.9,Koh,2024
Physics,41898,40965,97.8,Koh,2024
General Science,4486,4388,97.8,Koh,2024
Pashto,80,78,97.5,Koh,2024
Islamiyat,50739,49392,97.3,Koh,2024
Biology,40477,39326,97.2,Koh,2024
Art And Model Drawing,1571,1517,96.6,Koh,2024
Ethics,37,35,94.6,Koh,2024
Civics,447,421,94.2,Koh,2024
Computer Science,1478,1375,93.0,Koh,2024
Arabic,55,51,92.7,Koh,2024
General Mathematics,4500,4162,92.5,Koh,2024
Islamic History,118,74,62.7,Koh,2024
Health And Physical Education,9,5,55.6,Koh,2024
Wood Work Furniture Making,22,22,100.0,Koh,2025
History Of Indo Pak,1,1,100.0,Koh,2025
Computer Science For Deaf,22,22,100.0,Koh,2025
Health And Physical Education,1,1,100.0,Koh,2025
Elements Of Home Economics,2335,2317,99.2,Koh,2025
Urdu,48038,46574,97.0,Koh,2025
Arabic,49,47,95.9,Koh,2025
Ethics,48,46,95.8,Koh,2025
Mutala E Quran Hakeem,47617,45495,95.5,Koh,2025
Art And Model Drawing,1706,1618,94.8,Koh,2025
Pashto,48,45,93.8,Koh,2025
Civics,499,466,93.4,Koh,2025
English,48121,44897,93.3,Koh,2025
General Science,4626,4288,92.7,Koh,2025
Islamiyat,52515,48365,92.1,Koh,2025
Economics,12,11,91.7,Koh,2025
Pakistan Studies,48069,43531,90.6,Koh,2025
Biology,41893,36053,86.1,Koh,2025
Mathematics,43374,37129,85.6,Koh,2025
Physics,43481,36897,84.9,Koh,2025
Chemistry,43464,36128,83.1,Koh,2025
General Mathematics,4720,3641,77.1,Koh,2025
Computer Science,1697,1215,71.6,Koh,2025
Islamic History,69,46,66.7,Koh,2025
Wood Work Furniture Making,14,14,100.0,Koh,2026
Computer Science For Deaf,14,14,100.0,Koh,2026
Economics,1,1,100.0,Koh,2026
Elements Of Home Economics,2003,1955,97.6,Koh,2026
Urdu,45344,43242,95.4,Koh,2026
Health And Physical Education,142,135,95.1,Koh,2026
Art And Model Drawing,1178,1106,93.9,Koh,2026
Arabic,44,41,93.2,Koh,2026
Civics,472,431,91.3,Koh,2026
English,45581,40947,89.8,Koh,2026
Ethics,27,24,88.9,Koh,2026
Mutala E Quran Hakeem,45418,38639,85.1,Koh,2026
Islamiyat,49510,41376,83.6,Koh,2026
Pashto,45,37,82.2,Koh,2026
Pakistan Studies,46200,37134,80.4,Koh,2026
Chemistry,43084,32049,74.4,Koh,2026
Physics,42797,31564,73.8,Koh,2026
Biology,41553,29903,72.0,Koh,2026
General Science,3876,2729,70.4,Koh,2026
Mathematics,43045,29872,69.4,Koh,2026
General Mathematics,4122,2811,68.2,Koh,2026
Computer Science,1849,1173,63.4,Koh,2026
Islamic History,59,37,62.7,Koh,2026
Arabic,,,100.0,DGK,2024
Electrical Wiring,,,100.0,DGK,2024
Education,,,99.7,DGK,2024
Punjabi,,,99.6,DGK,2024
Urdu,,,98.6,DGK,2024
Art And Model Drawing,,,98.5,DGK,2024
Akhlaqiyat For Non Muslim,,,98.2,DGK,2024
Islamiyat,,,98.0,DGK,2024
Pakistan Studies,,,97.6,DGK,2024
Elements Of Home Economics,,,97.1,DGK,2024
Computer Science,,,96.8,DGK,2024
Civics,,,95.5,DGK,2024
Physics,,,93.9,DGK,2024
Biology,,,92.7,DGK,2024
General Science,,,92.4,DGK,2024
Chemistry,,,92.2,DGK,2024
English,,,91.8,DGK,2024
Mathematics,,,91.7,DGK,2024
Health And Physical Education,,,88.3,DGK,2024
Persian,,,87.5,DGK,2024
General Mathematics,,,86.1,DGK,2024
Arabic,,,100.0,DGK,2025
Punjabi,,,100.0,DGK,2025
Education,,,98.7,DGK,2025
Art And Model Drawing,,,98.7,DGK,2025
Translation Of Holy Quran,,,98.5,DGK,2025
Akhlaqiyat For Non Muslim,,,98.4,DGK,2025
Religious Education,,,98.4,DGK,2025
Urdu,,,98.3,DGK,2025
Pakistan Studies,,,98.1,DGK,2025
Islamiyat,,,97.9,DGK,2025
Electrical Wiring,,,97.6,DGK,2025
Elements Of Home Economics,,,97.5,DGK,2025
Computer Science,,,95.3,DGK,2025
Civics,,,94.0,DGK,2025
Health And Physical Education,,,93.5,DGK,2025
Physics,,,93.4,DGK,2025
English,,,92.9,DGK,2025
Biology,,,91.9,DGK,2025
Chemistry,,,91.5,DGK,2025
Mathematics,,,91.3,DGK,2025
General Science,,,90.7,DGK,2025
General Mathematics,,,88.0,DGK,2025
Arabic,,,100.0,DGK,2026
Punjabi,,,100.0,DGK,2026
Education,,,98.7,DGK,2026
Art And Model Drawing,,,98.7,DGK,2026
Translation Of Holy Quran,,,98.5,DGK,2026
Akhlaqiyat For Non Muslim,,,98.4,DGK,2026
Religious Education,,,98.4,DGK,2026
Urdu,,,98.3,DGK,2026
Pakistan Studies,,,98.1,DGK,2026
Islamiyat,,,97.9,DGK,2026
Electrical Wiring,,,97.6,DGK,2026
Elements Of Home Economics,,,97.5,DGK,2026
Computer Science,,,95.3,DGK,2026
Civics,,,94.0,DGK,2026
Health And Physical Education,,,93.5,DGK,2026
Physics,,,93.4,DGK,2026
English,,,92.9,DGK,2026
Biology,,,91.9,DGK,2026
Chemistry,,,91.5,DGK,2026
Mathematics,,,91.3,DGK,2026
General Science,,,90.7,DGK,2026
General Mathematics,,,88.0,DGK,2026
Arithmetic,72,72,100.0,SWL,2024
Ethics,5,5,100.0,SWL,2024
Embroidery,16,16,100.0,SWL,2024
Drawing,72,72,100.0,SWL,2024
Commercial Geography,1,1,100.0,SWL,2024
Clothing And Textile,32,32,100.0,SWL,2024
Physiology And Hygiene,1,1,100.0,SWL,2024
Tailoring,8,8,100.0,SWL,2024
Urdu Literature,1,1,100.0,SWL,2024
Geography,1,1,100.0,SWL,2024
House Hold Accounts And Its Related Problems,2,2,100.0,SWL,2024
Food And Nutrition,35,35,100.0,SWL,2024
Health And Physical Education,4538,4503,99.2,SWL,2024
Religious Education,781,774,99.1,SWL,2024
Islamiyat,69891,68462,98.0,SWL,2024
Urdu,70769,68905,97.4,SWL,2024
Electrical Wiring,205,197,96.1,SWL,2024
Art And Model Drawing,25,24,96.0,SWL,2024
Advanced Islamic Studies,7513,7119,94.8,SWL,2024
Pakistan Studies,71007,67021,94.4,SWL,2024
Environmental Studies,35,33,94.3,SWL,2024
Punjabi,1945,1805,92.8,SWL,2024
Economics,39,36,92.3,SWL,2024
Elements Of Home Economics,2159,1983,91.8,SWL,2024
Persian,49,45,91.8,SWL,2024
Education,1513,1373,90.8,SWL,2024
Arabic,552,489,88.6,SWL,2024
Computer Science,17624,15568,88.3,SWL,2024
English,71880,62318,86.7,SWL,2024
Biology,44512,37957,85.3,SWL,2024
General Science,10267,8713,84.9,SWL,2024
Physics,60862,51601,84.8,SWL,2024
Chemistry,61236,51419,84.0,SWL,2024
Mathematics,61818,50456,81.6,SWL,2024
Civics,331,262,79.2,SWL,2024
Islamic History,9,7,77.8,SWL,2024
General Mathematics,10490,7045,67.2,SWL,2024
History Of Pakistan,7,2,28.6,SWL,2024
Art And Model Drawing,3,3,100.0,SWL,2025
Arithmetic,71,71,100.0,SWL,2025
Embroidery,8,8,100.0,SWL,2025
Geography,1,1,100.0,SWL,2025
Electrical Wiring,129,129,100.0,SWL,2025
Drawing,71,71,100.0,SWL,2025
Tailoring,14,14,100.0,SWL,2025
Geography Of Pakistan,1,1,100.0,SWL,2025
Ethics,817,812,99.4,SWL,2025
Religious Education,816,811,99.4,SWL,2025
Health And Physical Education,4799,4765,99.3,SWL,2025
Environmental Studies,70,69,98.6,SWL,2025
Urdu,66318,64930,97.9,SWL,2025
Islamiyat,65377,64028,97.9,SWL,2025
Clothing And Textile,140,137,97.9,SWL,2025
Translation Of Holy Quran,65427,63933,97.7,SWL,2025
Elements Of Home Economics,2062,1978,95.9,SWL,2025
Advanced Islamic Studies,7532,7146,94.9,SWL,2025
Punjabi,1637,1549,94.6,SWL,2025
Pakistan Studies,66763,62419,93.5,SWL,2025
Education,1572,1417,90.1,SWL,2025
Persian,70,63,90.0,SWL,2025
Computer Science,20049,17748,88.5,SWL,2025
Arabic,492,435,88.4,SWL,2025
Physics,58314,48934,83.9,SWL,2025
Civics,444,371,83.6,SWL,2025
Biology,39533,32792,83.0,SWL,2025
General Science,10381,8580,82.7,SWL,2025
English,68460,55575,81.2,SWL,2025
Food And Nutrition,32,26,81.2,SWL,2025
Mathematics,58692,46783,79.7,SWL,2025
Chemistry,58823,45448,77.3,SWL,2025
Islamic History,4,3,75.0,SWL,2025
History Of Pakistan,15,11,73.3,SWL,2025
Economics,55,38,69.1,SWL,2025
General Mathematics,10912,7512,68.8,SWL,2025
Physiology And Hygiene,1,0,0.0,SWL,2025
Urdu Literature,1,0,0.0,SWL,2025
Arithmetic,65,65,100.0,SWL,2026
Tailoring,9,9,100.0,SWL,2026
Urdu Literature,3,3,100.0,SWL,2026
House Hold Accounts And Its Related Problems,4,4,100.0,SWL,2026
Geography Of Pakistan,2,2,100.0,SWL,2026
Embroidery,7,7,100.0,SWL,2026
Drawing,65,65,100.0,SWL,2026
Ethics,1107,1104,99.7,SWL,2026
Health And Physical Education,6036,5966,98.8,SWL,2026
Urdu,79562,77713,97.7,SWL,2026
Translation Of Holy Quran,78399,75934,96.9,SWL,2026
Food And Nutrition,26,25,96.2,SWL,2026
Art And Model Drawing,25,24,96.0,SWL,2026
Environmental Studies,65,62,95.4,SWL,2026
Persian,133,126,94.7,SWL,2026
Islamic Studies Elective,9605,9046,94.2,SWL,2026
Punjabi,1900,1774,93.4,SWL,2026
Elements Of Home Economics,2273,2122,93.4,SWL,2026
Education,2118,1909,90.1,SWL,2026
Clothing And Textile,19,17,89.5,SWL,2026
Electrical Wiring,226,199,88.0,SWL,2026
Arabic,551,484,87.8,SWL,2026
Computer Science,30853,26405,85.6,SWL,2026
Islamic History,49,41,83.7,SWL,2026
English,81599,66489,81.5,SWL,2026
Biology,39658,32024,80.8,SWL,2026
Pakistan Studies,81069,647,80.0,SWL,2026
Civics,477,381,79.9,SWL,2026
Mathematics,68573,53876,78.6,SWL,2026
Physics,68381,53558,78.3,SWL,2026
Chemistry,69181,52145,75.4,SWL,2026
General Science,13125,9523,72.6,SWL,2026
General Mathematics,13414,8584,64.0,SWL,2026
Economics,78,48,61.5,SWL,2026
Physiology And Hygiene,4,1,25.0,SWL,2026
History Of Pakistan,14,3,21.4,SWL,2026
Religious Education,31,5,16.1,SWL,2026
Islamiyat,6009,491,8.2,SWL,2026
Geography,1,0,0.0,SWL,2026
Al Quran,9,9,100.0,FSD,2024
Arithmetic,131,131,100.0,FSD,2024
Clothing And Textile,1,1,100.0,FSD,2024
Art And Model Drawing,3,3,100.0,FSD,2024
Commercial Geography,2,2,100.0,FSD,2024
Drawing,113,113,100.0,FSD,2024
Urdu Dars E Nizami,9,9,100.0,FSD,2024
Poultry Farming,3,3,100.0,FSD,2024
Embroidery,22,22,100.0,FSD,2024
Punjabi,4033,4014,99.5,FSD,2024
Health And Physical Education,126,125,99.2,FSD,2024
Translation Of Holy Quran,170182,167142,98.2,FSD,2024
Urdu,174376,170779,97.9,FSD,2024
Islamiyat,195396,191367,97.9,FSD,2024
Education,8669,8474,97.8,FSD,2024
Persian,27,26,96.3,FSD,2024
Religious Education,3970,3797,95.6,FSD,2024
Physical Education,11573,11061,95.6,FSD,2024
Pakistan Studies,179315,171127,95.4,FSD,2024
Ethics,4009,3818,95.2,FSD,2024
Environmental Studies,212,201,94.8,FSD,2024
Food And Nutrition,827,780,94.3,FSD,2024
Dress Making And Fashion Designing,126,118,93.7,FSD,2024
Computer Science,61023,56745,93.0,FSD,2024
Elements Of Home Economics,7465,6868,92.0,FSD,2024
Physics,151995,139708,91.9,FSD,2024
Arabic,1116,1010,90.5,FSD,2024
Chemistry,159788,143801,90.0,FSD,2024
Mathematics,167010,148055,88.7,FSD,2024
Biology,100334,88171,87.9,FSD,2024
Al Hadith And Al Fiqah,8,7,87.5,FSD,2024
English,194686,167099,85.8,FSD,2024
General Science,37044,30818,83.2,FSD,2024
Geography Of Pakistan,11,9,81.8,FSD,2024
Economics,154,123,79.9,FSD,2024
Electrical Wiring,54,42,77.8,FSD,2024
Islamic History,221,167,75.6,FSD,2024
Civics,1045,754,72.2,FSD,2024
General Mathematics,39509,28251,71.5,FSD,2024
Seerat Ul Rasool,3,2,66.7,FSD,2024
Geography,14,5,35.7,FSD,2024
History Of Pakistan,15,3,20.0,FSD,2024
Al Hadith And Al Fiqah,9,9,100.0,FSD,2025
Al Quran,7,7,100.0,FSD,2025
Arithmetic,134,134,100.0,FSD,2025
Computer Hardware,2,2,100.0,FSD,2025
Drawing,97,97,100.0,FSD,2025
Persian,11,11,100.0,FSD,2025
Geography Of Pakistan,4,4,100.0,FSD,2025
Urdu Dars E Nizami,8,8,100.0,FSD,2025
Seerat Ul Rasool,3,3,100.0,FSD,2025
Health And Physical Education,126,126,100.0,FSD,2025
Embroidery,9,9,100.0,FSD,2025
Translation Of Holy Quran,165257,163397,98.9,FSD,2025
Punjabi,3204,3145,98.2,FSD,2025
Islamiyat,190622,187202,98.2,FSD,2025
Poultry Farming,45,44,97.8,FSD,2025
Urdu,169539,165760,97.8,FSD,2025
Education,9170,8962,97.7,FSD,2025
Tailoring,37,36,97.3,FSD,2025
Ethics,3459,3342,96.6,FSD,2025
Religious Education,3046,2938,96.5,FSD,2025
Pakistan Studies,174501,166415,95.4,FSD,2025
Art And Model Drawing,36,34,94.4,FSD,2025
Food And Nutrition,837,788,94.2,FSD,2025
Physical Education,12931,12079,93.4,FSD,2025
Physics,150638,140174,93.0,FSD,2025
Computer Science,67727,62901,92.9,FSD,2025
Elements Of Home Economics,6588,6099,92.6,FSD,2025
Environmental Studies,426,394,92.5,FSD,2025
Arabic,889,814,91.6,FSD,2025
Biology,98985,89443,90.4,FSD,2025
Economics,171,152,88.9,FSD,2025
Chemistry,153774,136165,88.5,FSD,2025
Mathematics,159121,138588,87.1,FSD,2025
English,192005,166271,86.6,FSD,2025
Dress Making And Fashion Designing,49,42,85.7,FSD,2025
Clothing And Textile,26,22,84.6,FSD,2025
General Science,40064,32621,81.4,FSD,2025
Islamic History,158,123,77.8,FSD,2025
General Mathematics,42447,32889,77.5,FSD,2025
Civics,1655,1244,75.2,FSD,2025
Electrical Wiring,107,75,70.1,FSD,2025
Geography,54,35,64.8,FSD,2025
History Of Pakistan,29,18,62.1,FSD,2025
Urdu Literature,2,1,50.0,FSD,2025
English Literature,1,0,0.0,FSD,2025
Al Hadith And Al Fiqah,14,14,100.0,FSD,2026
Arithmetic,154,154,100.0,FSD,2026
Geography Of Pakistan,7,7,100.0,FSD,2026
Embroidery,37,37,100.0,FSD,2026
Tailoring,12,12,100.0,FSD,2026
Urdu Dars E Nizami,14,14,100.0,FSD,2026
Poultry Farming,14,14,100.0,FSD,2026
Health And Physical Education,150,149,99.3,FSD,2026
Drawing,116,115,99.1,FSD,2026
Punjabi,3602,3534,98.1,FSD,2026
Translation Of Holy Quran,184815,181382,98.1,FSD,2026
Ethics,4192,4027,96.1,FSD,2026
Urdu,193993,185601,95.7,FSD,2026
Education,9584,9137,95.3,FSD,2026
Computer Science,90525,85115,94.0,FSD,2026
Environmental Studies,281,263,93.6,FSD,2026
Food And Nutrition,800,745,93.1,FSD,2026
Physical Education,15332,14240,92.9,FSD,2026
Al Quran,14,13,92.9,FSD,2026
Pakistan Studies,184301,168404,91.4,FSD,2026
Art And Model Drawing,11,10,90.9,FSD,2026
Arabic,901,808,89.7,FSD,2026
Physics,165714,148223,89.5,FSD,2026
Elements Of Home Economics,5928,5297,89.4,FSD,2026
Persian,17,15,88.2,FSD,2026
Mathematics,182163,157846,86.7,FSD,2026
English,216494,186347,86.1,FSD,2026
Biology,91559,78748,86.0,FSD,2026
Dress Making And Fashion Designing,152,130,85.5,FSD,2026
Chemistry,189300,161101,85.1,FSD,2026
Islamiyat,40254,34064,84.6,FSD,2026
English Literature,6,5,83.3,FSD,2026
Civics,1321,1093,82.7,FSD,2026
Clothing And Textile,236,193,81.8,FSD,2026
Computer Hardware,68,55,80.9,FSD,2026
Seerat Ul Rasool,4,3,75.0,FSD,2026
Electrical Wiring,99,72,72.7,FSD,2026
Religious Education,340,247,72.7,FSD,2026
General Science,41901,30281,72.3,FSD,2026
Economics,244,160,65.6,FSD,2026
General Mathematics,42216,26534,62.9,FSD,2026
Islamic History,237,119,50.2,FSD,2026
History Of Pakistan,47,23,48.9,FSD,2026
Geography,18,7,38.9,FSD,2026
Arithmetic,229,229,100.0,LHR,2024
Clothing And Textile,5,5,100.0,LHR,2024
Physiology And Hygiene,3,3,100.0,LHR,2024
Persian,171,171,100.0,LHR,2024
Environmental Studies,2,2,100.0,LHR,2024
Al Quran,15,15,100.0,LHR,2024
Seerat Ul Rasool,15,15,100.0,LHR,2024
Al Hadith And Al Fiqah,15,15,100.0,LHR,2024
Urdu Dars E Nizami,13,13,100.0,LHR,2024
Tailoring,14,14,100.0,LHR,2024
Fish Farming,1,1,100.0,LHR,2024
Computer Hardware,3,3,100.0,LHR,2024
Drawing,229,226,98.7,LHR,2024
Translation Of Holy Quran,228894,223999,97.9,LHR,2024
Islamiyat,231730,226462,97.7,LHR,2024
Urdu,236828,230423,97.3,LHR,2024
Wood Work Furniture Making,66,64,97.0,LHR,2024
Punjabi,12590,12160,96.6,LHR,2024
Food And Nutrition,1176,1134,96.4,LHR,2024
Economics,442,422,95.5,LHR,2024
Art And Model Drawing,480,456,95.0,LHR,2024
Advanced Islamic Studies,34550,32830,95.0,LHR,2024
Health And Physical Education,5919,5599,94.6,LHR,2024
Geometrical And Technical Drawing,79,74,93.7,LHR,2024
Dress Making And Fashion Designing,47,44,93.6,LHR,2024
Pakistan Studies,237458,221861,93.4,LHR,2024
Arabic,1381,1284,93.0,LHR,2024
Religious Education,4839,4474,92.5,LHR,2024
Ethics,6023,5566,92.4,LHR,2024
Elements Of Home Economics,9327,8599,92.2,LHR,2024
Education,21858,19904,91.1,LHR,2024
Poultry Farming,1262,1110,88.0,LHR,2024
Computer Science,76910,66193,86.1,LHR,2024
Business Methods,39,33,84.6,LHR,2024
Military Science,6,5,83.3,LHR,2024
Biology,118467,98337,83.0,LHR,2024
Geography Of Pakistan,11,9,81.8,LHR,2024
Physics,189002,153766,81.4,LHR,2024
English,242351,197111,81.3,LHR,2024
English Literature,5,4,80.0,LHR,2024
Civics,3198,2514,78.6,LHR,2024
Mathematics,190312,149392,78.5,LHR,2024
Chemistry,189151,145585,77.0,LHR,2024
General Science,51619,36543,70.8,LHR,2024
Electrical Wiring,105,74,70.5,LHR,2024
General Mathematics,53247,29322,55.1,LHR,2024
Geography,8,4,50.0,LHR,2024
Beautician,10,5,50.0,LHR,2024
History Of Pakistan,11,5,45.5,LHR,2024
Islamic History,144,47,32.6,LHR,2024
Commercial Geography,2,0,0.0,LHR,2024
Urdu Literature,1,0,0.0,LHR,2024
Geometrical And Technical Drawing,11,11,100.0,LHR,2025
Urdu Dars E Nizami,15,15,100.0,LHR,2025
Urdu,231375,225814,97.6,LHR,2025
Persian,81,79,97.5,LHR,2025
Islamiyat,226783,220660,97.3,LHR,2025
Translation Of Holy Quran,225695,218052,96.6,LHR,2025
Punjabi,12107,11656,96.3,LHR,2025
Advanced Islamic Studies,35416,33458,94.5,LHR,2025
Health And Physical Education,6839,6385,93.4,LHR,2025
Education,23395,21698,92.8,LHR,2025
Economics,478,441,92.3,LHR,2025
Pakistan Studies,232983,215142,92.3,LHR,2025
Arabic,1356,1250,92.2,LHR,2025
Clothing And Textile,24,22,91.7,LHR,2025
Elements Of Home Economics,8723,7938,91.0,LHR,2025
Religious Education,4717,4272,90.6,LHR,2025
Ethics,5794,5249,90.6,LHR,2025
Food And Nutrition,1418,1282,90.4,LHR,2025
Art And Model Drawing,539,487,90.3,LHR,2025
Computer Science,90598,79882,88.2,LHR,2025
Biology,103504,87686,84.7,LHR,2025
English,239580,194625,81.2,LHR,2025
Physics,186346,144341,77.5,LHR,2025
Civics,3739,2750,73.5,LHR,2025
Mathematics,185461,135710,73.2,LHR,2025
Chemistry,186598,132508,71.0,LHR,2025
Geography,26,18,69.2,LHR,2025
Islamic History,183,126,68.8,LHR,2025
General Science,54864,34732,63.3,LHR,2025
Geography Of Pakistan,8,5,62.5,LHR,2025
General Mathematics,56254,30207,53.7,LHR,2025
History Of Pakistan,19,9,47.4,LHR,2025
Dress Making And Fashion Designing,5,2,40.0,LHR,2025
Urdu Literature,5,1,20.0,LHR,2025
Physiology And Hygiene,3,0,0.0,LHR,2025
Commercial Geography,2,0,0.0,LHR,2025
Urdu Literature,2,2,100.0,LHR,2026
Military Science,5,5,100.0,LHR,2026
Urdu Dars E Nizami,15,15,100.0,LHR,2026
Persian,138,135,97.8,LHR,2026
Urdu,259832,251705,96.9,LHR,2026
Punjabi,12376,11921,96.3,LHR,2026
Translation Of Holy Quran,252575,241214,95.5,LHR,2026
Geometrical And Technical Drawing,75,71,94.7,LHR,2026
Advanced Islamic Studies,38762,36566,94.3,LHR,2026
Elements Of Home Economics,7470,7004,93.8,LHR,2026
Food And Nutrition,1424,1322,92.8,LHR,2026
Health And Physical Education,8180,7548,92.3,LHR,2026
Education,27864,25676,92.2,LHR,2026
Pakistan Studies,261109,235930,90.4,LHR,2026
Art And Model Drawing,493,439,89.0,LHR,2026
Islamiyat,2382,2117,88.9,LHR,2026
Arabic,1460,1282,87.8,LHR,2026
Ethics,7565,6618,87.5,LHR,2026
Computer Science,118607,102122,86.1,LHR,2026
Clothing And Textile,28,24,85.7,LHR,2026
Civics,4047,3367,83.2,LHR,2026
English,266496,218582,82.0,LHR,2026
Islamic History,126,103,81.8,LHR,2026
Biology,98313,79162,80.5,LHR,2026
Geography Of Pakistan,9,7,77.8,LHR,2026
Physics,208507,160636,77.0,LHR,2026
History Of Pakistan,30,23,76.7,LHR,2026
Economics,545,405,74.3,LHR,2026
Mathematics,209184,153300,73.3,LHR,2026
Chemistry,208788,149036,71.4,LHR,2026
General Science,60843,40265,66.2,LHR,2026
Geography,5,3,60.0,LHR,2026
Religious Education,157,88,56.0,LHR,2026
Physiology And Hygiene,4,2,50.0,LHR,2026
Dress Making And Fashion Designing,6,3,50.0,LHR,2026
English Literature,4,2,50.0,LHR,2026
General Mathematics,62435,29323,47.0,LHR,2026
Commercial Geography,1,0,0.0,LHR,2026
Art And Model Drawing,95,95,100.0,BWP,2025
Clothing And Textile,38,38,100.0,BWP,2025
Wood Work Furniture Making,89,89,100.0,BWP,2025
Food And Nutrition,1264,1264,100.0,BWP,2025
Health And Physical Education,4532,4478,98.8,BWP,2025
Islamiyat,85344,84144,98.6,BWP,2025
Translation Of Holy Quran,84837,83617,98.6,BWP,2025
Urdu,86559,85141,98.4,BWP,2025
Punjabi,157,154,98.1,BWP,2025
Electrical Wiring,176,172,97.7,BWP,2025
Advanced Islamic Studies Elective,8296,8106,97.7,BWP,2025
Ethics,665,648,97.4,BWP,2025
Environmental Studies,523,505,96.6,BWP,2025
Religious Education,250,241,96.4,BWP,2025
Elements Of Home Economics,2068,1993,96.4,BWP,2025
Pakistan Studies,87694,83992,95.8,BWP,2025
Computer Science,32173,29591,92.0,BWP,2025
Education,598,539,90.1,BWP,2025
Arabic,647,568,87.8,BWP,2025
Civics,524,443,84.5,BWP,2025
English,96531,78881,81.7,BWP,2025
Biology,56410,45607,80.8,BWP,2025
General Science,12160,9398,77.3,BWP,2025
Physics,86396,66166,76.6,BWP,2025
Mathematics,93825,70121,74.7,BWP,2025
Chemistry,91504,63181,69.0,BWP,2025
General Mathematics,13322,7959,59.7,BWP,2025
Islamic History,158,87,55.1,BWP,2025
Environmental Studies,32,32,100.0,GRW,2024
Dress Making And Fashion Designing,42,42,100.0,GRW,2024
Dress Making And Fashion Designing,8,8,100.0,GRW,2024
Geometrical And Technical Drawing,2,2,100.0,GRW,2024
Art And Model Drawing,2,2,100.0,GRW,2024
Clothing And Textile,12,12,100.0,GRW,2024
Geography,34,34,100.0,GRW,2024
Geometrical And Technical Drawing,35,35,100.0,GRW,2024
Art And Model Drawing,46,46,100.0,GRW,2024
Geography Of Pakistan,1,1,100.0,GRW,2024
Health And Physical Education,9531,9450,99.2,GRW,2024
Food And Nutrition,122,121,99.2,GRW,2024
Wood Work Furniture Making,110,109,99.1,GRW,2024
Persian,555,550,99.1,GRW,2024
Urdu,217729,215134,98.8,GRW,2024
Translation Of Holy Quran,213611,210302,98.5,GRW,2024
Islamiyat,260048,255635,98.3,GRW,2024
Clothing And Textile,108,106,98.2,GRW,2024
Punjabi,6599,6477,98.2,GRW,2024
Ethics,2857,2793,97.8,GRW,2024
Elements Of Home Economics,9850,9557,97.0,GRW,2024
Health And Physical Education,479,463,96.7,GRW,2024
Ethics,265,256,96.6,GRW,2024
Pakistan Studies,217957,210480,96.6,GRW,2024
Poultry Farming,2290,2182,95.3,GRW,2024
Environmental Studies,20,19,95.0,GRW,2024
Education,17435,16497,94.6,GRW,2024
Economics,873,810,92.8,GRW,2024
Computer Science,50707,46656,92.0,GRW,2024
Electrical Wiring,1225,1123,91.7,GRW,2024
Physics,166714,149475,89.7,GRW,2024
Biology,119919,107157,89.4,GRW,2024
Business Studies,109,97,89.0,GRW,2024
Food And Nutrition,9,8,88.9,GRW,2024
Electrical Wiring,80,71,88.8,GRW,2024
Mathematics,167132,148314,88.7,GRW,2024
Civics,2855,2529,88.6,GRW,2024
Arabic,1056,935,88.5,GRW,2024
Chemistry,167110,147392,88.2,GRW,2024
English,220723,194313,88.0,GRW,2024
Islamiyat,12146,10582,87.1,GRW,2024
Commercial Geography,123,107,87.0,GRW,2024
Poultry Farming,314,270,86.0,GRW,2024
Arabic,339,290,85.5,GRW,2024
General Science,52328,44394,84.8,GRW,2024
Civics,454,383,84.4,GRW,2024
Translation Of Holy Quran,6048,5105,84.4,GRW,2024
Pakistan Studies,11212,9266,82.6,GRW,2024
Computer Hardware,39,32,82.0,GRW,2024
Urdu,5035,4101,81.5,GRW,2024
Commercial Geography,20,16,80.0,GRW,2024
Punjabi,469,366,78.0,GRW,2024
General Mathematics,53098,40865,77.0,GRW,2024
Elements Of Home Economics,541,414,76.5,GRW,2024
Wood Work Furniture Making,4,3,75.0,GRW,2024
Education,2086,1485,71.2,GRW,2024
Economics,217,150,69.1,GRW,2024
English,20173,13667,67.8,GRW,2024
Business Studies,30,20,66.7,GRW,2024
Persian,11,7,63.6,GRW,2024
Islamic History,189,119,63.0,GRW,2024
Geography,5,3,60.0,GRW,2024
Islamic History,82,49,59.8,GRW,2024
Computer Science,3777,2161,57.2,GRW,2024
Biology,15155,8174,53.9,GRW,2024
Mathematics,24988,11645,46.6,GRW,2024
General Mathematics,9303,4282,46.0,GRW,2024
General Science,7229,3248,44.9,GRW,2024
Physics,13198,5890,44.6,GRW,2024
History Of Pakistan,10,4,40.0,GRW,2024
Chemistry,24718,9790,39.6,GRW,2024
History Of Pakistan,17,5,29.4,GRW,2024
Computer Hardware,4,1,25.0,GRW,2024
Urdu Literature,1,0,0.0,GRW,2024
Geometrical And Technical Drawing,1,1,100.0,GRW,2025
Food And Nutrition,125,125,100.0,GRW,2025
Urdu Literature,9,9,100.0,GRW,2025
Geography Of Pakistan,5,5,100.0,GRW,2025
Dress Making And Fashion Designing,77,77,100.0,GRW,2025
Ethics,3123,3097,99.2,GRW,2025
Persian,521,514,98.7,GRW,2025
Wood Work Furniture Making,79,78,98.7,GRW,2025
Clothing And Textile,120,118,98.3,GRW,2025
Urdu,210671,206808,98.2,GRW,2025
Islamiyat,255479,250547,98.1,GRW,2025
Health And Physical Education,10946,10716,97.9,GRW,2025
Translation Of Holy Quran,206392,202034,97.9,GRW,2025
Punjabi,6948,6750,97.2,GRW,2025
Elements Of Home Economics,8759,8484,96.9,GRW,2025
Pakistan Studies,211577,201128,95.1,GRW,2025
Education,19780,18725,94.7,GRW,2025
Arabic,941,880,93.5,GRW,2025
Business Studies,99,91,91.9,GRW,2025
Computer Science,57067,52057,91.2,GRW,2025
Poultry Farming,2052,1867,91.0,GRW,2025
Fish Farming,19,17,89.5,GRW,2025
Physics,159023,142085,89.3,GRW,2025
English,215916,191523,88.7,GRW,2025
Biology,108658,96291,88.6,GRW,2025
Geography,7,6,85.7,GRW,2025
Civics,3061,2617,85.5,GRW,2025
Art And Model Drawing,60,51,85.0,GRW,2025
Mathematics,159114,134142,84.3,GRW,2025
Economics,790,660,83.5,GRW,2025
Chemistry,159545,132838,83.3,GRW,2025
Electrical Wiring,264,220,83.3,GRW,2025
Environmental Studies,28,23,82.1,GRW,2025
Computer Hardware,21,17,81.0,GRW,2025
Commercial Geography,124,94,75.8,GRW,2025
General Science,56163,42438,75.6,GRW,2025
General Mathematics,57222,40976,71.6,GRW,2025
Islamic History,161,111,68.9,GRW,2025
History Of Pakistan,26,3,11.5,GRW,2025
Environmental Studies,2,2,100.0,GRW,2026
Geography,8,8,100.0,GRW,2026
Wood Work Furniture Making,126,126,100.0,GRW,2026
Geography Of Pakistan,4,4,100.0,GRW,2026
Fish Farming,4,4,100.0,GRW,2026
Persian,596,590,99.0,GRW,2026
Punjabi,6566,6454,98.3,GRW,2026
Clothing And Textile,107,105,98.1,GRW,2026
Translation Of Holy Quran,223943,219608,98.1,GRW,2026
Urdu,228113,222806,97.7,GRW,2026
Elements Of Home Economics,8037,7830,97.4,GRW,2026
Food And Nutrition,230,224,97.4,GRW,2026
Ethics,3884,3772,97.1,GRW,2026
Dress Making And Fashion Designing,67,65,97.0,GRW,2026
Islamiyat,51198,49137,96.0,GRW,2026
Health And Physical Education,12142,11648,95.9,GRW,2026
Art And Model Drawing,48,46,95.8,GRW,2026
Education,21169,20131,95.1,GRW,2026
Poultry Farming,2810,2657,94.6,GRW,2026
Electrical Wiring,208,196,94.2,GRW,2026
Economics,850,794,93.4,GRW,2026
Geometrical And Technical Drawing,13,12,92.3,GRW,2026
Computer Science,76007,69765,91.8,GRW,2026
Business Studies,24,22,91.7,GRW,2026
Pakistan Studies,228703,206439,90.3,GRW,2026
Biology,104605,91521,87.5,GRW,2026
English,231709,202395,87.3,GRW,2026
Arabic,867,756,87.2,GRW,2026
Commercial Geography,82,71,86.6,GRW,2026
Physics,173097,148100,85.6,GRW,2026
Chemistry,174986,149052,85.2,GRW,2026
Mathematics,174081,146143,84.0,GRW,2026
Civics,3310,2766,83.6,GRW,2026
Islamic History,156,130,83.3,GRW,2026
General Science,59416,48173,81.1,GRW,2026
General Mathematics,60136,43639,72.6,GRW,2026
History Of Pakistan,33,22,66.7,GRW,2026
Urdu Literature,3,2,66.7,GRW,2026
Computer Hardware,75,44,58.7,GRW,2026
