Board,Year,Subject,Appeared,Passed
Abbottabad,2024,Arabic,489,473
Abbottabad,2024,Archaeology,144,139
Abbottabad,2024,Biology,17069,16855
Abbottabad,2024,Chemistry,20996,19393
Abbottabad,2024,Civics,8541,8288
Abbottabad,2024,Clothing & Related Arts,7,7
Abbottabad,2024,Computer Science,4965,4880
Abbottabad,2024,Economics,1755,1693
Abbottabad,2024,Education,684,634
Abbottabad,2024,English,36796,35053
Abbottabad,2024,English (Advance),12,8
Abbottabad,2024,Ethics,3,3
Abbottabad,2024,Food And Nutrition,7,7
Abbottabad,2024,General Mathematics,477,435
Abbottabad,2024,Geography,344,337
Abbottabad,2024,Health & Physical Education,3316,3269
Abbottabad,2024,Home Economics,228,227
Abbottabad,2024,Home Managment,7,7
Abbottabad,2024,Islamic History,6537,6319
Abbottabad,2024,Islamyat Elective,9123,8931
Abbottabad,2024,Library Science,310,308
Abbottabad,2024,Mathematics,8447,7847
Abbottabad,2024,Microbiology,1,1
Abbottabad,2024,Mutaliae-Quran-E-Hakeem,35498,35101
Abbottabad,2024,Pakistan Studies,36399,35852
Abbottabad,2024,Pakistani Culture,7,7
Abbottabad,2024,Pashto,151,142
Abbottabad,2024,Physics,24990,23871
Abbottabad,2024,Psychology,374,370
Abbottabad,2024,Statistics,898,868
Abbottabad,2024,Urdu (Advance),808,777
Abbottabad,2024,Urdu (Comp),36442,35376
Abbottabad,2025,Arabic,436,423
Abbottabad,2025,Archaeology,191,189
Abbottabad,2025,Biology,17141,16894
Abbottabad,2025,Chemistry,20604,19317
Abbottabad,2025,Civics,9811,8897
Abbottabad,2025,Clothing & Related Arts,13,13
Abbottabad,2025,Computer Science,7157,6981
Abbottabad,2025,Economics,2163,2031
Abbottabad,2025,Education,582,535
Abbottabad,2025,English,40592,38878
Abbottabad,2025,English (Advance),6,6
Abbottabad,2025,Ethics,16,16
Abbottabad,2025,Food And Nutrition,16,14
Abbottabad,2025,General Mathematics,94,75
Abbottabad,2025,Geography,519,510
Abbottabad,2025,Health & Physical Education,4490,4453
Abbottabad,2025,Home Economics,328,327
Abbottabad,2025,Home Managment,13,13
Abbottabad,2025,Islamic History,7380,6936
Abbottabad,2025,Islamyat Elective,9847,9395
Abbottabad,2025,Library Science,643,640
Abbottabad,2025,Mathematics,10337,9535
Abbottabad,2025,Mutaliae-Quran-E-Hakeem,39686,39161
Abbottabad,2025,Pakistan Studies,39868,39008
Abbottabad,2025,Pakistani Culture,5,5
Abbottabad,2025,Pashto,121,118
Abbottabad,2025,Physics,26986,26079
Abbottabad,2025,Psychology,485,445
Abbottabad,2025,Statistics,1131,1120
Abbottabad,2025,Urdu (Advance),1032,974
Abbottabad,2025,Urdu (Comp),40409,39634
Bahawalpur,2024,Arabic-I,136,122
Bahawalpur,2024,Arabic-II,1467,1402
Bahawalpur,2024,Banking,239,239
Bahawalpur,2024,Biology-I,3504,2376
Bahawalpur,2024,Biology-II,17493,15940
Bahawalpur,2024,Business Mathematics,14,12
Bahawalpur,2024,Business Statistics,244,218
Bahawalpur,2024,Chemistry-I,3953,1836
Bahawalpur,2024,Chemistry-II,20881,17787
Bahawalpur,2024,Civics-I,1151,1047
Bahawalpur,2024,Civics-II,3952,3477
Bahawalpur,2024,Commercial Geography,240,240
Bahawalpur,2024,Computer Science-I,2658,1171
Bahawalpur,2024,Computer Science-II,17976,14765
Bahawalpur,2024,Economics-I,1251,883
Bahawalpur,2024,Economics-II,6430,5830
Bahawalpur,2024,Education-I,1311,1174
Bahawalpur,2024,Education-II,6379,6037
Bahawalpur,2024,English Literature-I,7,4
Bahawalpur,2024,English Literature-II,67,64
Bahawalpur,2024,English-I,13647,4857
Bahawalpur,2024,English-II,52938,36308
Bahawalpur,2024,Ethics-I (For Non Muslims),16,16
Bahawalpur,2024,Ethics-II (For Non Muslims),310,310
Bahawalpur,2024,Fine Arts-II,88,88
Bahawalpur,2024,Geography-I,14,14
Bahawalpur,2024,Geography-II,406,406
Bahawalpur,2024,Health & Physical Education-I,133,131
Bahawalpur,2024,Health & Physical Education-II,6810,6756
Bahawalpur,2024,History Of Islam-I,168,147
Bahawalpur,2024,History Of Islam-II (Abbasi Of,978,834
Bahawalpur,2024,History Of Islam-II (Muslims I,39,35
Bahawalpur,2024,History Of Modern World-I,4,1
Bahawalpur,2024,History Of Modern World-II,4,3
Bahawalpur,2024,History Of Pakistan-I,97,66
Bahawalpur,2024,History Of Pakistan-II,417,367
Bahawalpur,2024,Islamic Education,2278,2229
Bahawalpur,2024,Islamic Studies-I,1266,1192
Bahawalpur,2024,Islamic Studies-II,8604,8067
Bahawalpur,2024,Library Science-I,42,40
Bahawalpur,2024,Library Science-II,2304,2271
Bahawalpur,2024,Mathematics-I,4172,1292
Bahawalpur,2024,Mathematics-II,15199,9356
Bahawalpur,2024,Out Line Of Home Economics-I,2,2
Bahawalpur,2024,Out Line Of Home Economics-II,253,253
Bahawalpur,2024,Pakistan Studies,48124,47157
Bahawalpur,2024,Persian-I,382,380
Bahawalpur,2024,Persian-II,3205,3197
Bahawalpur,2024,Philosophy-I,12,7
Bahawalpur,2024,Philosophy-II,26,12
Bahawalpur,2024,Physics-I,4052,2366
Bahawalpur,2024,Physics-II,29020,23760
Bahawalpur,2024,Principles Of Accounting-I,22,18
Bahawalpur,2024,Principles Of Accounting-II,245,236
Bahawalpur,2024,Principles Of Commerce,15,14
Bahawalpur,2024,Principles Of Economics,82,76
Bahawalpur,2024,Psychology-I,184,152
Bahawalpur,2024,Psychology-II,1832,1791
Bahawalpur,2024,Punjabi-I,234,233
Bahawalpur,2024,Punjabi-II,1229,1225
Bahawalpur,2024,Religious Education-I,2,2
Bahawalpur,2024,Saraiki-I,155,154
Bahawalpur,2024,Saraiki-II,1087,1086
Bahawalpur,2024,Sociology-I,332,312
Bahawalpur,2024,Sociology-II,1387,1372
Bahawalpur,2024,Statistics-I,569,249
Bahawalpur,2024,Statistics-II,2464,2076
Bahawalpur,2024,Translation Of Holy Quran-I,1806,1721
Bahawalpur,2024,Translation Of Holy Quran-II,46957,46815
Bahawalpur,2024,Urdu Advance-I,16,16
Bahawalpur,2024,Urdu Advance-II,78,78
Bahawalpur,2024,Urdu-I,4516,3557
Bahawalpur,2024,Urdu-II,48832,47485
Bahawalpur,2025,Arabic-I,194,155
Bahawalpur,2025,Arabic-II,1345,1244
Bahawalpur,2025,Banking,223,214
Bahawalpur,2025,Biology-I,2419,1284
Bahawalpur,2025,Biology-II,13558,11501
Bahawalpur,2025,Business Mathematics,21,14
Bahawalpur,2025,Business Statistics,238,224
Bahawalpur,2025,Chemistry-I,3296,1781
Bahawalpur,2025,Chemistry-II,15842,13922
Bahawalpur,2025,Civics-I,1138,1013
Bahawalpur,2025,Civics-II,4038,3707
Bahawalpur,2025,Commercial Geography,235,222
Bahawalpur,2025,Computer Science-I,3127,1768
Bahawalpur,2025,Computer Science-II,22400,19169
Bahawalpur,2025,Computer Studies-II (Commerce),12,12
Bahawalpur,2025,Economics-I,1340,740
Bahawalpur,2025,Economics-II,7051,6322
Bahawalpur,2025,Education-I,1502,1382
Bahawalpur,2025,Education-II,6886,6386
Bahawalpur,2025,English Literature-I,9,8
Bahawalpur,2025,English Literature-II,52,51
Bahawalpur,2025,English-I,13290,5139
Bahawalpur,2025,English-II,51841,37939
Bahawalpur,2025,Ethics-I (For Non Muslims),12,12
Bahawalpur,2025,Ethics-II (For Non Muslims),280,280
Bahawalpur,2025,Fine Arts-I,2,2
Bahawalpur,2025,Fine Arts-II,110,110
Bahawalpur,2025,Geography-I,20,18
Bahawalpur,2025,Geography-II,576,575
Bahawalpur,2025,Health & Physical Education-I,309,278
Bahawalpur,2025,Health & Physical Education-II,7121,6996
Bahawalpur,2025,History of Islam-I,181,165
Bahawalpur,2025,History of Islam-II (Abbasi of Baghdad),966,877
Bahawalpur,2025,History of Islam-II (Muslims in Spain),24,20
Bahawalpur,2025,History of Islamic Hind-I,3,3
Bahawalpur,2025,History of Islamic Hind-II,4,4
Bahawalpur,2025,History of Modern World-I,1,0
Bahawalpur,2025,History of Modern World-II,2,2
Bahawalpur,2025,History of Pakistan-I,86,38
Bahawalpur,2025,History of Pakistan-II,273,227
Bahawalpur,2025,Islamic Studies-I,1732,1627
Bahawalpur,2025,Islamic Studies-II,8836,8566
Bahawalpur,2025,Islamiyat (Compulsory),2790,2723
Bahawalpur,2025,Library Science-I,68,54
Bahawalpur,2025,Library Science-II,2786,2760
Bahawalpur,2026,Arabic-I,127,95
Bahawalpur,2026,Arabic-II,1229,1159
Bahawalpur,2026,Banking,174,174
Bahawalpur,2026,Biology-I,3117,1514
Bahawalpur,2026,Biology-II,14294,12623
Bahawalpur,2026,Business Mathematics,24,20
Bahawalpur,2026,Business Stat,172,160
Bahawalpur,2026,Chemistry-I,4025,1827
Bahawalpur,2026,Chemistry-II,15996,12948
Bahawalpur,2026,Civics-I,1011,873
Bahawalpur,2026,Civics-II,4259,3951
Bahawalpur,2026,Commercial Geography,173,172
Bahawalpur,2026,Computer Science-I (Old Course),2752,926
Bahawalpur,2026,Computer Science-II,27656,21825
Bahawalpur,2026,Economics-I,1318,694
Bahawalpur,2026,Economics-II,7830,6991
Bahawalpur,2026,Education-I,1237,1075
Bahawalpur,2026,Education-II,6962,6412
Bahawalpur,2026,English Literature-I,18,17
Bahawalpur,2026,English Literature-II,75,70
Bahawalpur,2026,English-I,13662,4033
Bahawalpur,2026,English-II,56273,41000
Bahawalpur,2026,Ethics For Non Muslims-I,34,34
Bahawalpur,2026,Ethics For Non Muslims-II,354,354
Bahawalpur,2026,Fine Arts-I,3,3
Bahawalpur,2026,Fine Arts-II,123,123
Bahawalpur,2026,Geography-I,32,28
Bahawalpur,2026,Geography-II,698,694
Bahawalpur,2026,Health & Physical Education-I,294,221
Bahawalpur,2026,Health & Physical Education-II,7206,7104
Bahawalpur,2026,History Of Islam (Abbasi Of Baghdad)-II,991,796
Bahawalpur,2026,History Of Islam (Muslims In Spain)-II,29,23
Bahawalpur,2026,History Of Islam-I,199,139
Bahawalpur,2026,History Of Islamic Hind-I,1,1
Bahawalpur,2026,History Of Islamic Hind-II,1,0
Bahawalpur,2026,History Of Modern World-I,2,2
Bahawalpur,2026,History Of Modern World-II,2,2
Bahawalpur,2026,History Of Pakistan-I,96,51
Bahawalpur,2026,History Of Pakistan-II,213,178
Bahawalpur,2026,Islamic Studies-I,1580,1476
Bahawalpur,2026,Islamic Studies-II,8961,8652
Bahawalpur,2026,Islamiyat (Compulsory) (New Course),2299,2264
Bahawalpur,2026,Library Science-I,66,52
Bahawalpur,2026,Library Science-II,2855,2797
Bahawalpur,2026,Mathematics-I,5487,1523
Bahawalpur,2026,Mathematics-II,19578,12968
Bahawalpur,2026,Out Line Of Home Economics-I,2,2
Bahawalpur,2026,Out Line Of Home Economics-II,376,376
Bahawalpur,2026,Pakistan Studies,52425,50790
Bahawalpur,2026,Persian-I,458,454
Bahawalpur,2026,Persian-II,3354,3338
Bahawalpur,2026,Philosophy-I,14,14
Bahawalpur,2026,Philosophy-II,32,31
Bahawalpur,2026,Physics-I,4909,1773
Bahawalpur,2026,Physics-II,29849,23094
Bahawalpur,2026,Principles Of Accounting-I,25,25
Bahawalpur,2026,Principles Of Accounting-II,184,169
Bahawalpur,2026,Principles Of Commerce,16,16
Bahawalpur,2026,Principles Of Economics,52,34
Bahawalpur,2026,Psychology-I,175,158
Bahawalpur,2026,Psychology-II,2062,1990
Bahawalpur,2026,Punjabi-I,232,228
Bahawalpur,2026,Punjabi-II,1242,1231
Bahawalpur,2026,Religious Education (Compulsory),24,24
Bahawalpur,2026,Saraiki-I,170,167
Bahawalpur,2026,Saraiki-II,1317,1305
Bahawalpur,2026,Sociology-I,402,379
Bahawalpur,2026,Sociology-II,1831,1821
Bahawalpur,2026,Statistics-I,678,340
Bahawalpur,2026,Statistics-II,3171,2413
Bahawalpur,2026,Tarjuma-Tul-Quran-Ul-Majeed-I,2321,2188
Bahawalpur,2026,Tarjuma-Tul-Quran-Ul-Majeed-II,52202,51776
Bahawalpur,2026,Urdu Advance-I,64,33
Bahawalpur,2026,Urdu Advance-II,155,104
Bahawalpur,2026,Urdu-I (Old Course),4140,3119
Bahawalpur,2026,Urdu-II,52921,51154
DGK,2024,Arabic,572,518
DGK,2024,Biology,29443,24498
DGK,2024,Business Mathematics & Statistics,183,167
DGK,2024,Chemistry,32429,26057
DGK,2024,Civics,3777,3614
DGK,2024,Computer Science,11003,8493
DGK,2024,Economics,5447,5036
DGK,2024,Education,8362,7891
DGK,2024,English,55853,44061
DGK,2024,English (Elective),187,171
DGK,2024,Fine Art,195,178
DGK,2024,Geography,1347,1323
DGK,2024,Health & Physical Education,5491,5338
DGK,2024,History Of Islam,629,554
DGK,2024,History Of Jadeed Dunya,184,168
DGK,2024,History Of Pakistan,733,641
DGK,2024,Islamic Education,2282,2172
DGK,2024,Islamic Studies,8832,8542
DGK,2024,Library Science,790,773
DGK,2024,Mathematics,11407,7327
DGK,2024,Outlines Of Home Economics,344,326
DGK,2024,Pakistan Studies,50989,49894
DGK,2024,Pakistani Culture,366,313
DGK,2024,Persian,314,298
DGK,2024,Philosophy,209,193
DGK,2024,Physics,37265,32680
DGK,2024,Principles Of Acounting,368,338
DGK,2024,Principles Of Commerce & Banking,366,340
DGK,2024,Principles Of Economics & Commercial Geography,366,343
DGK,2024,Psychology,447,360
DGK,2024,Punjabi,1050,1015
DGK,2024,Saraiki,1609,1583
DGK,2024,Sociology,5279,5084
DGK,2024,Statistics,336,290
DGK,2024,Urdu,52482,50531
DGK,2024,Urdu (Advanced),225,208
DGK,2025,Arabic,513,506
DGK,2025,Biology,24264,21385
DGK,2025,Business Mathematics & Statistics,156,142
DGK,2025,Chemistry,26400,21423
DGK,2025,Civics,3187,3072
DGK,2025,Computer Science,15652,12157
DGK,2025,Economics,6495,6089
DGK,2025,Education,7369,7035
DGK,2025,English,50667,41301
DGK,2025,English (Elective),38,25
DGK,2025,Fine Art,50,38
DGK,2025,Geography,1019,998
DGK,2025,Health & Physical Education,5151,4892
DGK,2025,History Of Islam,474,421
DGK,2025,History Of Islamic Hind,36,24
DGK,2025,History Of Pakistan,452,359
DGK,2025,Islamic Education,1418,1334
DGK,2025,Islamic Studies,7316,6944
DGK,2025,Library Science,607,594
DGK,2025,Mathematics,13981,10062
DGK,2025,Outlines Of Home Economics,296,281
DGK,2025,Pakistan Studies,47670,47084
DGK,2025,Pakistani Culture,189,139
DGK,2025,Persian,288,272
DGK,2025,Philosophy,186,167
DGK,2025,Physics,33680,31115
DGK,2025,Principles Of Acounting,189,157
DGK,2025,Principles Of Commerce & Banking,189,171
DGK,2025,Principles Of Economics & Commercial Geography,189,158
DGK,2025,Psychology,381,310
DGK,2025,Punjabi,799,770
DGK,2025,Saraiki,1685,1660
DGK,2025,Sociology,4673,4533
DGK,2025,Statistics,320,268
DGK,2025,Translation Of Holy Quran,156,140
DGK,2025,Urdu,49024,47660
DGK,2025,Urdu (Advanced),195,177
DGK,2026,Arabic,494,491
DGK,2026,Biology,23646,22932
DGK,2026,Business Mathematics & Statistics,143,134
DGK,2026,Chemistry,25708,23721
DGK,2026,Civics,2822,2730
DGK,2026,Computer Science,20930,20054
DGK,2026,Economics,7284,6819
DGK,2026,Education,7470,7203
DGK,2026,English,55205,48116
DGK,2026,English (Elective),5,5
DGK,2026,Ethics,113,113
DGK,2026,Fine Art,20,20
DGK,2026,Geography,1070,1070
DGK,2026,Health & Physical Education,5255,5241
DGK,2026,History Of Islam,335,318
DGK,2026,History Of Pakistan,284,184
DGK,2026,Islamic Education,1855,1847
DGK,2026,Islamic Studies,8085,7877
DGK,2026,Library Science,630,630
DGK,2026,Mathematics,16675,11125
DGK,2026,Outlines Of Home Economics,189,189
DGK,2026,Pakistan Studies,52221,51786
DGK,2026,Persian,51,51
DGK,2026,Philosophy,19,15
DGK,2026,Physics,35391,34223
DGK,2026,Principles Of Accounting,143,139
DGK,2026,Principles Of Commerce & Banking,138,137
DGK,2026,Psychology,157,157
DGK,2026,Punjabi,524,522
DGK,2026,Saraiki,1545,1545
DGK,2026,Sociology,4714,4580
DGK,2026,Statistics,195,188
DGK,2026,Translation Of Holy Quran,52237,52203
DGK,2026,Urdu,53328,52336
DGK,2026,Urdu (Advanced),23,23
FSD,2024,Arabic,2232,2192
FSD,2024,Banking,3164,3090
FSD,2024,Biology,27203,25343
FSD,2024,Chemistry,33777,31746
FSD,2024,Civics,9380,8699
FSD,2024,Commercial Geography,3193,3080
FSD,2024,Computer Science,28558,25464
FSD,2024,Economics,6843,6588
FSD,2024,Education,19236,18469
FSD,2024,English,95815,80182
FSD,2024,English Elective,47,41
FSD,2024,Ethics,1246,1234
FSD,2024,Fine Arts,74,74
FSD,2024,Geography,3173,3072
FSD,2024,Health & Physical Education,13954,13726
FSD,2024,History Of Islam,2325,2123
FSD,2024,History Of Islami Hind.,47,35
FSD,2024,History Of Modern World,2,0
FSD,2024,History Of Pakistan,633,575
FSD,2024,Islamic History & Culture,55,54
FSD,2024,Islamic Studies,20980,20372
FSD,2024,Library Science,1195,1154
FSD,2024,Mathematics,26386,20969
FSD,2024,Outlines Of Home-Economics,1563,1525
FSD,2024,Pakistan Studies,89535,88707
FSD,2024,Pakistani Culture,2,2
FSD,2024,Persian,1811,1797
FSD,2024,Philosophy,215,214
FSD,2024,Physics,47487,44017
FSD,2024,Principles Of Accounting,3167,3061
FSD,2024,Psychology,3312,3268
FSD,2024,Punjabi,3936,3903
FSD,2024,Sociology,5300,5186
FSD,2024,Statistics,1475,1302
FSD,2024,Statistics(Commerce Group),3183,3080
FSD,2024,Translation Of The Holy Quran,87263,86671
FSD,2024,Urdu,90658,85618
FSD,2024,Urdu Advance,166,149
FSD,2025,Applied Art,6,6
FSD,2025,Arabic,2350,2279
FSD,2025,Banking,3036,2975
FSD,2025,Biology,23120,21722
FSD,2025,Chemistry,28486,27132
FSD,2025,Child Development & Family Life,6,6
FSD,2025,Civics,9679,9214
FSD,2025,Commercial Geography,3045,3001
FSD,2025,Computer Science,36213,32880
FSD,2025,Economics,7251,6916
FSD,2025,Education,21853,20947
FSD,2025,English,97083,80827
FSD,2025,English Elective,37,36
FSD,2025,Ethics,1159,1138
FSD,2025,Fine Arts,69,68
FSD,2025,Food & Nutrition,6,6
FSD,2025,Geography,3235,3138
FSD,2025,Health & Physical Education,14168,13943
FSD,2025,History Of Islam,1985,1706
FSD,2025,History Of Islami Hind.,36,35
FSD,2025,History Of Modern World,9,8
FSD,2025,History Of Pakistan,666,628
FSD,2025,Islamic History & Culture,79,77
FSD,2025,Islamic Studies,21543,20563
FSD,2025,Library Science,1603,1554
FSD,2025,Mathematics,30046,25646
FSD,2025,Outlines Of Home-Economics,2316,2277
FSD,2025,Pakistan Studies,92147,91562
FSD,2025,Pakistani Culture,7,7
FSD,2025,Persian,1805,1789
FSD,2025,Philosophy,173,172
FSD,2025,Physics,46300,43687
FSD,2025,Principles Of Accounting,2999,2872
FSD,2025,Psychology,3684,3641
FSD,2025,Punjabi,4031,3913
FSD,2025,Sociology,5837,5642
FSD,2025,Statistics,1451,1306
FSD,2025,Statistics(Commerce Group),3041,2853
FSD,2025,Translation Of The Holy Quran,90053,89695
FSD,2025,Urdu,93226,88655
FSD,2025,Urdu Advance,240,235
FSD,2026,Applied Art,8,8
FSD,2026,Arabic,2103,1998
FSD,2026,Banking,2576,2501
FSD,2026,Biology,22551,21296
FSD,2026,Chemistry,27186,24978
FSD,2026,Child Development & Family Life,8,8
FSD,2026,Civics,10363,9492
FSD,2026,Commercial Geography,2567,2520
FSD,2026,Computer Science,44322,39449
FSD,2026,Economics,7738,7327
FSD,2026,Education,23343,22384
FSD,2026,English,103408,85688
FSD,2026,English Elective,45,43
FSD,2026,Ethics,1586,1576
FSD,2026,Fine Arts,54,54
FSD,2026,Food & Nutrition,8,8
FSD,2026,Geography,3259,3189
FSD,2026,Health & Physical Education,14515,14288
FSD,2026,History Of Islam,2051,1801
FSD,2026,History Of Islami Hind.,15,4
FSD,2026,History Of Modern World,8,4
FSD,2026,History Of Pakistan,632,490
FSD,2026,Islamic History & Culture,70,70
FSD,2026,Islamic Studies,23243,22243
FSD,2026,Library Science,1714,1658
FSD,2026,Mathematics,33867,27961
FSD,2026,Outlines Of Home-Economics,2447,2413
FSD,2026,Pakistan Studies,97237,96644
FSD,2026,Pakistani Culture,5,5
FSD,2026,Persian,1752,1736
FSD,2026,Philosophy,202,160
FSD,2026,Physics,49971,47261
FSD,2026,Principles Of Accounting,2600,2446
FSD,2026,Psychology,3925,3877
FSD,2026,Punjabi,3591,3479
FSD,2026,Sociology,5759,5549
FSD,2026,Statistics,1310,1179
FSD,2026,Statistics(Commerce Group),2587,2482
FSD,2026,Translation Of The Holy Quran,95885,95034
FSD,2026,Urdu,98412,95068
FSD,2026,Urdu Advance,150,147
Gujranwala,2024,Applied Art,19,19
Gujranwala,2024,Arabic,1856,1721
Gujranwala,2024,Banking,9556,8745
Gujranwala,2024,Biology,36596,32091
Gujranwala,2024,Business Statistics,9680,8246
Gujranwala,2024,Chemistry,45772,38736
Gujranwala,2024,Child Development And Family Living,19,19
Gujranwala,2024,Civics,21329,19443
Gujranwala,2024,Commercial Geography,9586,9173
Gujranwala,2024,Computer Science,36844,31401
Gujranwala,2024,Computer Studies,156,144
Gujranwala,2024,Economics,7776,6940
Gujranwala,2024,Education,29373,26166
Gujranwala,2024,English,132359,101754
Gujranwala,2024,English Elective,104,94
Gujranwala,2024,Ethics,1018,1015
Gujranwala,2024,Fine Arts,233,231
Gujranwala,2024,Food & Nutrition,20,19
Gujranwala,2024,Geography,418,417
Gujranwala,2024,Health & Physical Education,8444,8278
Gujranwala,2024,History Of Indo-Pak,1,1
Gujranwala,2024,History Of Islam,2520,1755
Gujranwala,2024,History Of Modren World,2,2
Gujranwala,2024,History Of Pakistan,795,542
Gujranwala,2024,Islamic Studies (Elective),34743,33023
Gujranwala,2024,Library Science,912,911
Gujranwala,2024,Mathematics,40719,27361
Gujranwala,2024,Outlines Of Home Economics,1604,1597
Gujranwala,2024,Pakistan Studies,124029,121580
Gujranwala,2024,Pakistani Culture,4,4
Gujranwala,2024,Persian,2964,2906
Gujranwala,2024,Philosophy,112,111
Gujranwala,2024,Physics,66038,57190
Gujranwala,2024,Principles Of Accounting,9616,8787
Gujranwala,2024,Psychology,3938,3730
Gujranwala,2024,Punjabi,4883,4765
Gujranwala,2024,Sociology,6020,5963
Gujranwala,2024,Statistics,4658,4034
Gujranwala,2024,Translation Of Holy Quran,121733,121255
Gujranwala,2024,Urdu,124939,119483
Gujranwala,2024,Urdu (Advance),295,264
Gujranwala,2025,Applied Art,42,42
Gujranwala,2025,Arabic,1920,1762
Gujranwala,2025,Banking,9199,8233
Gujranwala,2025,Biology,27730,23669
Gujranwala,2025,Business Statistics,9528,9036
Gujranwala,2025,Chemistry,34287,28971
Gujranwala,2025,Child Development And Family Living,42,42
Gujranwala,2025,Civics,21554,19538
Gujranwala,2025,Civics For Non Muslim,55,52
Gujranwala,2025,Commercial Geography,9412,8567
Gujranwala,2025,Computer Science,44788,38125
Gujranwala,2025,Computer Studies,217,206
Gujranwala,2025,Economics,8420,7765
Gujranwala,2025,Education,30643,26990
Gujranwala,2025,English,126169,97987
Gujranwala,2025,English Elective,115,111
Gujranwala,2025,Ethics,1232,1227
Gujranwala,2025,Fine Arts,223,221
Gujranwala,2025,Food & Nutrition,42,42
Gujranwala,2025,Geography,459,459
Gujranwala,2025,Health & Physical Education,8739,8169
Gujranwala,2025,History Of Indo-Pak,2,0
Gujranwala,2025,History Of Islam,2190,1366
Gujranwala,2025,History Of Modren World,3,1
Gujranwala,2025,History Of Pakistan,880,696
Gujranwala,2025,Islamic Studies (Elective),34350,32683
Gujranwala,2025,Library Science,1113,1083
Gujranwala,2025,Mathematics,42508,31024
Gujranwala,2025,Outlines Of Home Economics,1907,1907
Gujranwala,2025,Pakistan Studies,119949,117564
Gujranwala,2025,Pakistani Culture,6,6
Gujranwala,2025,Persian,2536,2471
Gujranwala,2025,Philosophy,173,130
Gujranwala,2025,Physics,59025,53098
Gujranwala,2025,Principles Of Accounting,9321,7949
Gujranwala,2025,Psychology,3829,3650
Gujranwala,2025,Punjabi,4386,4230
Gujranwala,2025,Sociology,5950,5908
Gujranwala,2025,Statistics,5127,4243
Gujranwala,2025,Translation Of Holy Quran,117431,116725
Gujranwala,2025,Urdu,120465,112174
Gujranwala,2025,Urdu (Advance),189,170
Kohat,2025,Arabic,135,130
Kohat,2025,Archaeology,214,203
Kohat,2025,Biology,16819,13702
Kohat,2025,Chemistry,18604,14761
Kohat,2025,Child Dev/Home Management,21,19
Kohat,2025,Civics,3970,3358
Kohat,2025,Clothing & Related Arts,21,20
Kohat,2025,Computer Science,5400,4907
Kohat,2025,Economics,453,435
Kohat,2025,Education,35,33
Kohat,2025,English,28767,23965
Kohat,2025,English Advance,79,78
Kohat,2025,Ethics,12,12
Kohat,2025,Food & Nutrition,20,19
Kohat,2025,General History,2,0
Kohat,2025,Geography,190,189
Kohat,2025,Health & Physical Education,1537,1410
Kohat,2025,Islamic History,2735,2507
Kohat,2025,Islamic Studies,4125,3954
Kohat,2025,Library Science,34,33
Kohat,2025,Mathematics,7066,4135
Kohat,2025,Maths General (Arts),51,44
Kohat,2025,Mutaliae Quran-e-Hakeem,28029,26742
Kohat,2025,Outline Of Home Economics,26,26
Kohat,2025,Pakistan Studies,28424,23190
Kohat,2025,Pashto,187,174
Kohat,2025,Physics,23488,19000
Kohat,2025,Psychology,201,193
Kohat,2025,Sociology-Ii,18,18
Kohat,2025,Statistics,452,407
Kohat,2025,Urdu,28535,25246
Kohat,2025,Urdu Advance,140,138
Kohat,2026,Arabic,51,47
Kohat,2026,Archaeology,127,117
Kohat,2026,Biology,17329,9965
Kohat,2026,Chemistry,18940,9975
Kohat,2026,Child Dev/Home Management,37,35
Kohat,2026,Civics,2893,2334
Kohat,2026,Clothing & Related Arts,37,35
Kohat,2026,Computer Science,6170,3781
Kohat,2026,Economics,495,419
Kohat,2026,Education,51,44
Kohat,2026,English,28519,22073
Kohat,2026,English Advance,25,20
Kohat,2026,Ethics,16,16
Kohat,2026,Fine Arts,16,0
Kohat,2026,Food & Nutrition,38,38
Kohat,2026,Geography,137,129
Kohat,2026,Health & Physical Education,1528,1156
Kohat,2026,Islamic History,1728,1506
Kohat,2026,Islamic Studies,2907,2637
Kohat,2026,Library Science,38,38
Kohat,2026,Mathematics,8470,3978
Kohat,2026,Maths General (Arts),42,30
Kohat,2026,Mutaliae Quran-e-Hakeem,27368,24442
Kohat,2026,Outline Of Home Economics,14,14
Kohat,2026,Pakistan Studies,28539,14818
Kohat,2026,Pakistani Culture,1,1
Kohat,2026,Pashto,142,131
Kohat,2026,Physics,24313,12524
Kohat,2026,Psychology,287,272
Kohat,2026,Sociology-Ii,14,14
Kohat,2026,Statistics,516,460
Kohat,2026,Urdu,28076,25549
Kohat,2026,Urdu Advance,227,219
Lahore,2024,Applied Art (Practical),277,277
Lahore,2024,Applied Art (Theory),276,271
Lahore,2024,Applied Science (Practical),4,4
Lahore,2024,Applied Science (Theory),4,4
Lahore,2024,Arabic,2872,2812
Lahore,2024,Basic Medical Sciences (Practical),4,4
Lahore,2024,Basic Medical Sciences (Theory),4,4
Lahore,2024,Biology (Practical),42323,41588
Lahore,2024,Biology (Theory),44274,36659
Lahore,2024,Business Mathematics & Statistics,13226,10779
Lahore,2024,Chemistry (Practical),52990,52840
Lahore,2024,Chemistry (Theory),56763,46153
Lahore,2024,Child Development and Family Life (Practical),277,277
Lahore,2024,Child Development and Family Life (Theory),277,273
Lahore,2024,Civics,21072,18839
Lahore,2024,Civics for Non Muslim,155,148
Lahore,2024,Clinical Pathology & Serology (Practical),30,30
Lahore,2024,Clinical Pathology & Serology (Theory),30,30
Lahore,2024,Computer Science (Practical),49937,49575
Lahore,2024,Computer Science (Theory),52312,42643
Lahore,2024,Dental Hygiene (Practical),4,4
Lahore,2024,Dental Hygiene (Theory),4,4
Lahore,2024,Economics,7749,6709
Lahore,2024,Education,33858,26763
Lahore,2024,English,172790,125315
Lahore,2024,English Elective,673,661
Lahore,2024,Ethics for Non Muslims,2865,2848
Lahore,2024,Fine Art (Practical),781,775
Lahore,2024,Fine Art (Theory),787,754
Lahore,2024,Food and Nutrition (Practical),277,277
Lahore,2024,Food and Nutrition (Theory),278,270
Lahore,2024,French (Practical),55,55
Lahore,2024,French (Theory),55,55
Lahore,2024,Geography (Practical),1100,1100
Lahore,2024,Geography (Theory),1116,1109
Lahore,2024,Geology (Practical),19,19
Lahore,2024,Geology (Theory),19,13
Lahore,2024,Health & Physical Education (Practical),8052,8050
Lahore,2024,Health & Physical Education (Theory),8116,8008
Lahore,2024,Hematology & Blood Banking (Practical),30,30
Lahore,2024,Hematology & Blood Banking (Theory),30,30
Lahore,2024,History of Islam,2584,2303
Lahore,2024,History of Modern World,16,12
Lahore,2024,History of Muslim India,21,21
Lahore,2024,History of Pakistan,1688,1412
Lahore,2024,Islamic Studies,29894,27252
Lahore,2024,Library Science (Practical),441,441
Lahore,2024,Library Science (Theory),447,408
Lahore,2024,Mathematics,59878,36960
Lahore,2024,Microbiology (Practical),30,30
Lahore,2024,Microbiology (Theory),30,30
Lahore,2024,Military Science,7,7
Lahore,2024,Music (Practical),44,44
Lahore,2024,Music (Theory),45,43
Lahore,2024,Nursing (Practical),11,6
Lahore,2024,Nursing (Theory),11,11
Lahore,2024,Outlines of Home Economics (Practical),1693,1692
Lahore,2024,Outlines of Home Economics (Theory),1708,1696
Lahore,2024,Pakistan Studies,58764,58761
Lahore,2024,Pakistani Culture,14,14
Lahore,2024,Persian,4361,4179
Lahore,2024,Philosophy,420,376
Lahore,2024,Physics (Practical),85077,84858
Lahore,2024,Physics (Theory),89304,75650
Lahore,2024,Principles of Accounting,12849,12245
Lahore,2024,Principles of Commerce & Banking,8867,8801
Lahore,2024,Principles of Commerce & Computer Studies (Practical),11,11
Lahore,2024,Principles of Commerce & Computer Studies (Theory),11,11
Lahore,2024,Principles of Economics & Commercial Geography,12860,12469
Lahore,2024,Psychology (Practical),4207,4200
Lahore,2024,Psychology (Theory),4239,4164
Lahore,2024,Punjabi,12533,11612
Lahore,2024,Sociology,10756,10509
Lahore,2024,Statistics (Practical),7333,6727
Lahore,2024,Statistics (Theory),7616,6168
Lahore,2024,Translation of the Holy Quran,152744,150923
Lahore,2024,Urdu,159620,150874
Lahore,2024,Urdu Advance,721,682
Lahore,2025,Applied Art (Practical),276,276
Lahore,2025,Applied Art (Theory),277,274
Lahore,2025,Applied Science (Practical),5,5
Lahore,2025,Applied Science (Theory),5,5
Lahore,2025,Arabic,3058,3001
Lahore,2025,Basic Medical Sciences (Practical),5,5
Lahore,2025,Basic Medical Sciences (Theory),5,5
Lahore,2025,Business Mathematics & Statistics,11792,10054
Lahore,2025,Child Development and Family Life (Practical),276,269
Lahore,2025,Child Development and Family Life (Theory),276,274
Lahore,2025,Civics,22739,20682
Lahore,2025,Civics for Non Muslim,103,103
Lahore,2025,Clinical Pathology & Serology (Practical),33,33
Lahore,2025,Clinical Pathology & Serology (Theory),33,33
Lahore,2025,Computer Science (Practical),61194,60678
Lahore,2025,Computer Science (Theory),64001,53757
Lahore,2025,Dental Hygiene (Practical),5,5
Lahore,2025,Dental Hygiene (Theory),5,5
Lahore,2025,Economics,8801,8025
Lahore,2025,Education,35106,30615
Lahore,2025,English,122431,81319
Lahore,2025,English Elective,639,635
Lahore,2025,Ethics for Non Muslims,1853,1825
Lahore,2025,Fine Art (Practical),829,814
Lahore,2025,Fine Art (Theory),836,815
Lahore,2025,Food and Nutrition (Practical),275,275
Lahore,2025,Food and Nutrition (Theory),279,271
Lahore,2025,French (Practical),71,40
Lahore,2025,French (Theory),71,66
Lahore,2025,Geography (Practical),1253,1253
Lahore,2025,Geography (Theory),1298,1286
Lahore,2025,Geology (Practical),42,42
Lahore,2025,Geology (Theory),44,31
Lahore,2025,Health & Physical Education (Practical),7554,7545
Lahore,2025,Health & Physical Education (Theory),7718,7396
Lahore,2025,Hematology & Blood Banking (Practical),33,33
Lahore,2025,Hematology & Blood Banking (Theory),33,33
Lahore,2025,History of Islam,2550,2333
Lahore,2025,History of Modern World,39,39
Lahore,2025,History of Muslim India,37,35
Lahore,2025,History of Pakistan,1602,1308
Lahore,2025,Islamic Studies,28562,26500
Lahore,2025,Library Science (Practical),765,765
Lahore,2025,Library Science (Theory),800,727
Lahore,2025,Mathematics,55104,32418
Lahore,2025,Microbiology (Practical),33,33
Lahore,2025,Microbiology (Theory),33,30
Lahore,2025,Military Science,10,10
Lahore,2025,Music (Practical),37,37
Lahore,2025,Music (Theory),36,35
Lahore,2025,Nursing (Practical),19,19
Lahore,2025,Nursing (Theory),19,19
Lahore,2025,Outlines of Home-Economics (Practical),1585,1584
Lahore,2025,Outlines of Home-Economics (Theory),1616,1603
Lahore,2025,Pakistan Studies,113660,109958
Lahore,2025,Pakistani Culture,4,4
Lahore,2025,Persian,4813,4666
Lahore,2025,Philosophy,526,498
Lahore,2025,Physics (Practical),37268,36735
Lahore,2025,Physics (Theory),40229,31624
Lahore,2025,Principles of Accounting,11354,10325
Lahore,2025,Principles of Commerce & Banking,11366,10973
Lahore,2025,Principles of Commerce & Computer Studies (Practical),87,87
Lahore,2025,Principles of Commerce & Computer Studies (Theory),87,86
Lahore,2025,Principles of Economics & Commercial Geography,11516,10258
Lahore,2025,Psychology (Practical),4199,4197
Lahore,2025,Psychology (Theory),4274,4186
Lahore,2025,Punjabi,11479,10928
Lahore,2025,Sociology,11254,10837
Lahore,2025,Statistics (Practical),8267,8039
Lahore,2025,Statistics (Theory),8708,7519
Lahore,2025,Translation of the Holy Quran,110432,108973
Lahore,2025,Urdu,114685,106685
Lahore,2025,Urdu/Advance,780,737
Lahore,2026,Applied Art (Practical),194,194
Lahore,2026,Applied Art (Theory),196,190
Lahore,2026,Applied Science (Practical),6,6
Lahore,2026,Applied Science (Theory),6,6
Lahore,2026,Arabic,3030,2977
Lahore,2026,Basic Medical Sciences (Practical),6,6
Lahore,2026,Basic Medical Sciences (Theory),6,6
Lahore,2026,Biology (Practical),34712,34672
Lahore,2026,Biology (Theory),36562,32810
Lahore,2026,Business Mathematics & Statistics,9713,8766
Lahore,2026,Chemistry (Practical),41702,41482
Lahore,2026,Chemistry (Theory),43828,36892
Lahore,2026,Child Development and Family Life (Practical),196,194
Lahore,2026,Child Development and Family Life (Theory),196,195
Lahore,2026,Civics,21960,19926
Lahore,2026,Civics for Non Muslim,106,106
Lahore,2026,Clinical Pathology & Serology (Practical),17,17
Lahore,2026,Clinical Pathology & Serology (Theory),17,17
Lahore,2026,Commercial Practice,34,34
Lahore,2026,Computer Science (Practical),73307,72931
Lahore,2026,Computer Science (Theory),76956,65437
Lahore,2026,Dental Hygiene (Practical),6,6
Lahore,2026,Dental Hygiene (Theory),6,6
Lahore,2026,Economics,9410,8836
Lahore,2026,Education,34022,31060
Lahore,2026,English,172156,131603
Lahore,2026,English Elective,622,601
Lahore,2026,Ethics for Non Muslims,3414,3395
Lahore,2026,Fine Art (Practical),740,733
Lahore,2026,Fine Art (Theory),745,741
Lahore,2026,Food and Nutrition (Practical),196,196
Lahore,2026,Food and Nutrition (Theory),197,193
Lahore,2026,French (Practical),34,34
Lahore,2026,French (Theory),33,30
Lahore,2026,Geography (Practical),1530,1530
Lahore,2026,Geography (Theory),1550,1545
Lahore,2026,Geology (Practical),26,26
Lahore,2026,Geology (Theory),28,28
Lahore,2026,Health & Physical Education (Practical),7377,7375
Lahore,2026,Health & Physical Education (Theory),7539,7299
Lahore,2026,Hematology & Blood Banking (Practical),17,17
Lahore,2026,Hematology & Blood Banking (Theory),17,17
Lahore,2026,History of Islam,2183,1980
Lahore,2026,History of Modern World,22,22
Lahore,2026,History of Muslim India,67,67
Lahore,2026,History of Pakistan,1590,1435
Lahore,2026,Islamic Studies,29037,27646
Lahore,2026,Library Science (Practical),685,685
Lahore,2026,Library Science (Theory),706,644
Lahore,2026,Mathematics,73025,42841
Lahore,2026,Microbiology (Practical),17,17
Lahore,2026,Microbiology (Theory),17,17
Lahore,2026,Military Science,8,7
Lahore,2026,Music (Practical),34,32
Lahore,2026,Music (Theory),35,35
Lahore,2026,Nursing (Practical),12,12
Lahore,2026,Nursing (Theory),12,12
Lahore,2026,Outlines of Home-Economics (Practical),1809,1809
Lahore,2026,Outlines of Home-Economics (Theory),1833,1826
Lahore,2026,Pakistan Studies,160845,159528
Lahore,2026,Pakistani Culture,19,19
Lahore,2026,Persian,4431,4364
Lahore,2026,Philosophy,455,438
Lahore,2026,Physics (Practical),86450,85725
Lahore,2026,Physics (Theory),91410,81727
Lahore,2026,Principles of Accounting,9635,9032
Lahore,2026,Principles of Commerce & Banking,9409,9277
Lahore,2026,Principles of Commerce & Computer Studies (Practical),60,60
Lahore,2026,Principles of Commerce & Computer Studies (Theory),61,60
Lahore,2026,Principles of Economics & Commercial Geography,9588,8827
Lahore,2026,Psychology (Practical),4250,4242
Lahore,2026,Psychology (Theory),4304,4268
Lahore,2026,Punjabi,9576,8940
Lahore,2026,Sociology,11241,11071
Lahore,2026,Statistics (Practical),8691,8172
Lahore,2026,Statistics (Theory),9102,7771
Lahore,2026,Translation of the Holy Quran,157982,156855
Lahore,2026,Urdu,162408,156951
Lahore,2026,Urdu/Advance,637,519
Peshawar,2024,Al Adab Al Arabi,17,17
Peshawar,2024,Al Hadith With Usool E Hadith,17,17
Peshawar,2024,Arabic,895,867
Peshawar,2024,Archaeology,657,635
Peshawar,2024,Biology,34002,32755
Peshawar,2024,Chemistry,38594,37224
Peshawar,2024,Child Development,62,61
Peshawar,2024,Civics,10988,10600
Peshawar,2024,Clinical Pathology & Serology (MLT),1,1
Peshawar,2024,Clothing & Related Arts,236,233
Peshawar,2024,Computer Science,9086,8680
Peshawar,2024,Economics,2425,2325
Peshawar,2024,Education,1206,1124
Peshawar,2024,English,62411,60895
Peshawar,2024,English(Adv),388,342
Peshawar,2024,Ethics (For Other Religion Students),269,253
Peshawar,2024,Fine Arts,68,67
Peshawar,2024,Food And Nutrition,237,235
Peshawar,2024,General History,26,14
Peshawar,2024,General Maths,831,697
Peshawar,2024,Geography,527,514
Peshawar,2024,Health And Phy. Education,4621,4441
Peshawar,2024,Hematology / Blood Banking,1,0
Peshawar,2024,Home Economics,7,7
Peshawar,2024,Home Management,174,174
Peshawar,2024,Islamic Education,2603,2277
Peshawar,2024,Islamic History,6011,5846
Peshawar,2024,Islamic Studies,12114,11585
Peshawar,2024,Library Science,790,711
Peshawar,2024,Mathematics,12252,11758
Peshawar,2024,Micro Biology,1,0
Peshawar,2024,Mutala E Quran Hakeem,59828,58867
Peshawar,2024,Pakistan Studies,57859,56936
Peshawar,2024,Pakistani Culture,24,21
Peshawar,2024,Pashto,2585,2515
Peshawar,2024,Persian,1,1
Peshawar,2024,Philosophy,109,108
Peshawar,2024,Physics,45663,43754
Peshawar,2024,Psychology,707,698
Peshawar,2024,Sociology,433,382
Peshawar,2024,Statistics Paper,1588,1563
Peshawar,2024,Urdu,62252,60463
Peshawar,2024,Urdu(Adv),2045,1980
Peshawar,2025,Al Adab Al Arabi,16,16
Peshawar,2025,Al Hadith With Usool E Hadith,16,15
Peshawar,2025,Arabic,770,738
Peshawar,2025,Archaeology,496,483
Peshawar,2025,Biology,34869,30799
Peshawar,2025,Chemistry,38438,33501
Peshawar,2025,Child Development,44,44
Peshawar,2025,Civics,10003,9408
Peshawar,2025,Clothing &Amp; Related Arts,190,183
Peshawar,2025,Computer Science,11740,10318
Peshawar,2025,Economics,2450,2287
Peshawar,2025,Education,1043,997
Peshawar,2025,English,64353,60786
Peshawar,2025,English(Adv),418,392
Peshawar,2025,Ethics (For Other Religion Students),281,269
Peshawar,2025,Fine Arts,37,36
Peshawar,2025,Food And Nutrition,191,185
Peshawar,2025,General History,14,12
Peshawar,2025,General Maths,709,563
Peshawar,2025,Geography,500,481
Peshawar,2025,Health And Phy. Education,4425,4067
Peshawar,2025,Home Economics,6,5
Peshawar,2025,Home Management,147,144
Peshawar,2025,Islamic Education,2145,1330
Peshawar,2025,Islamic History,5215,4866
Peshawar,2025,Islamic Studies,10372,9790
Peshawar,2025,Library Science,1036,846
Peshawar,2025,Mathematics,14845,9253
Peshawar,2025,Mutala E Quran Hakeem,61462,58920
Peshawar,2025,Pakistan Studies,59592,56107
Peshawar,2025,Pakistani Culture,42,37
Peshawar,2025,Pashto,2219,2136
Peshawar,2025,Persian,2,2
Peshawar,2025,Philosophy,57,54
Peshawar,2025,Physics,50676,44077
Peshawar,2025,Psychology,799,766
Peshawar,2025,Sociology,468,409
Peshawar,2025,Statistics Paper,1539,1446
Peshawar,2025,Urdu,63988,60534
Peshawar,2025,Urdu(Adv),2045,1978
Peshawar,2026,Al Adab Al Arabi,10,10
Peshawar,2026,Al Hadith With Usool E Hadith,12,12
Peshawar,2026,Arabic,685,663
Peshawar,2026,Archaeology,474,406
Peshawar,2026,Biology,37719,33107
Peshawar,2026,Chemistry,45158,35342
Peshawar,2026,Child Development,66,64
Peshawar,2026,Civics,8170,7702
Peshawar,2026,Clothing & Related Arts,232,226
Peshawar,2026,Computer Science,14098,11236
Peshawar,2026,Economics,2204,2059
Peshawar,2026,Education,894,752
Peshawar,2026,English,67496,61105
Peshawar,2026,English(Adv),515,479
Peshawar,2026,Ethics (For Other Religion Students),336,306
Peshawar,2026,Fine Arts,34,34
Peshawar,2026,Food And Nutrition,229,224
Peshawar,2026,General History,2,2
Peshawar,2026,General Maths,591,243
Peshawar,2026,Geography,577,541
Peshawar,2026,Health And Phy. Education,3822,3642
Peshawar,2026,Home Economics,14,14
Peshawar,2026,Home Management,158,156
Peshawar,2026,Islamic Education,1655,875
Peshawar,2026,Islamic History,4323,3685
Peshawar,2026,Islamic Studies,7886,7365
Peshawar,2026,Library Science,908,860
Peshawar,2026,Mathematics,20043,11423
Peshawar,2026,Mutala E Quran Hakeem,62965,58058
Peshawar,2026,Pakistan Studies,62903,41446
Peshawar,2026,Pakistani Culture,80,78
Peshawar,2026,Pashto,1641,1574
Peshawar,2026,Persian,1,1
Peshawar,2026,Philosophy,57,55
Peshawar,2026,Physics,59282,44652
Peshawar,2026,Psychology,781,769
Peshawar,2026,Sociology,472,454
Peshawar,2026,Statistics Paper,1726,1591
Peshawar,2026,Urdu,65780,62581
Peshawar,2026,Urdu(Adv),1905,1692
Rawalpindi,2024,Arabic,1995,1799
Rawalpindi,2024,Biology,11425,9906
Rawalpindi,2024,Business Math And Statistics,2406,2040
Rawalpindi,2024,Chemistry,16353,13575
Rawalpindi,2024,Civics,5936,4282
Rawalpindi,2024,Commercial Practice,1,1
Rawalpindi,2024,Computer Science,22559,19764
Rawalpindi,2024,Economics,4805,3989
Rawalpindi,2024,Education,11662,9147
Rawalpindi,2024,English,57291,42594
Rawalpindi,2024,English Elective,51,38
Rawalpindi,2024,Ethics (For Non-Muslims),444,420
Rawalpindi,2024,Fine Art,95,77
Rawalpindi,2024,Geography,932,930
Rawalpindi,2024,Health And Physical Education,4168,4091
Rawalpindi,2024,History,3025,1981
Rawalpindi,2024,Islamic Studies (Hum. Group),12050,10652
Rawalpindi,2024,Library Science,317,301
Rawalpindi,2024,Mathematics,25581,16392
Rawalpindi,2024,Military Science,5,5
Rawalpindi,2024,Outlines Of Home Economics,598,591
Rawalpindi,2024,Pakistan Studies,53437,51337
Rawalpindi,2024,Pakistani Culture,1,1
Rawalpindi,2024,Persian,522,421
Rawalpindi,2024,Philosophy,211,197
Rawalpindi,2024,Physics,32713,25083
Rawalpindi,2024,Princip. Of Commerce & Banking/CSD,2371,2052
Rawalpindi,2024,Princip. Of Eco. & Comm. Geography,2351,2251
Rawalpindi,2024,Principles Of Accounting,2385,2120
Rawalpindi,2024,Psychology,1744,1688
Rawalpindi,2024,Punjabi,398,366
Rawalpindi,2024,Sociology,3744,3487
Rawalpindi,2024,Statistics,1759,1465
Rawalpindi,2024,Tarjama Tul Quran Ul Majeed,52252,51459
Rawalpindi,2024,Urdu,54029,50944
Rawalpindi,2024,Urdu (Advance),143,128
Rawalpindi,2025,Arabic,1897,1752
Rawalpindi,2025,Biology,10149,8358
Rawalpindi,2025,Business Math And Statistics,2389,1941
Rawalpindi,2025,Chemistry,13321,10817
Rawalpindi,2025,Civics,5987,4770
Rawalpindi,2025,Commercial Practice,17,17
Rawalpindi,2025,Computer Science,21743,17930
Rawalpindi,2025,Economics,4441,3878
Rawalpindi,2025,Education,12098,9649
Rawalpindi,2025,English,52906,38008
Rawalpindi,2025,English Elective,37,31
Rawalpindi,2025,Ethics (For Non-Muslims),391,364
Rawalpindi,2025,Fine Art,152,137
Rawalpindi,2025,Geography,886,878
Rawalpindi,2025,Health And Physical Education,3762,3674
Rawalpindi,2025,History,2599,1802
Rawalpindi,2025,Islamic Studies (Hum. Group),11412,9855
Rawalpindi,2025,Library Science,258,250
Rawalpindi,2025,Mathematics,23358,13936
Rawalpindi,2025,Military Science,6,6
Rawalpindi,2025,Outlines Of Home Economics,675,674
Rawalpindi,2025,Pakistan Studies,49357,47602
Rawalpindi,2025,Pakistani Culture,1,1
Rawalpindi,2025,Persian,427,395
Rawalpindi,2025,Philosophy,318,305
Rawalpindi,2025,Physics,29487,22710
Rawalpindi,2025,Princip. Of Commerce & Banking/CSD,2360,2003
Rawalpindi,2025,Princip. Of Eco. & Comm. Geography,2335,2148
Rawalpindi,2025,Principles Of Accounting,2354,1855
Rawalpindi,2025,Psychology,1990,1893
Rawalpindi,2025,Punjabi,367,347
Rawalpindi,2025,Sociology,4003,3780
Rawalpindi,2025,Statistics,1791,1421
Rawalpindi,2025,Tarjama Tul Quran Ul Majeed,48680,46948
Rawalpindi,2025,Urdu,49632,46611
Rawalpindi,2025,Urdu (Advance),257,219
Sahiwal,2024,Applied Art,6,6
Sahiwal,2024,Arabic,964,876
Sahiwal,2024,Banking,545,528
Sahiwal,2024,Biology,14446,11175
Sahiwal,2024,Business Math,566,485
Sahiwal,2024,Business Statistics,566,485
Sahiwal,2024,Chemistry,17768,13754
Sahiwal,2024,Child Development And Family Living,6,6
Sahiwal,2024,Civics,4918,4403
Sahiwal,2024,Commercial Geography,558,536
Sahiwal,2024,Computer Science,13943,10003
Sahiwal,2024,Economics,5398,4570
Sahiwal,2024,Education,6783,5702
Sahiwal,2024,English,41875,30567
Sahiwal,2024,English Elective,16,13
Sahiwal,2024,Ethics,205,203
Sahiwal,2024,Fine Arts,32,31
Sahiwal,2024,Food And Nutrition,6,6
Sahiwal,2024,Geography,653,650
Sahiwal,2024,Health & Physical Education,4246,4193
Sahiwal,2024,History Of Indo-Pak,34,34
Sahiwal,2024,History Of Islam,849,693
Sahiwal,2024,History Of Pakistan,154,119
Sahiwal,2024,Islamic Education,2314,2163
Sahiwal,2024,Islamic Studies (Elective),7881,7333
Sahiwal,2024,Library Science,349,341
Sahiwal,2024,Mathematics,13203,7629
Sahiwal,2024,Outlines Of Home Economics,81,81
Sahiwal,2024,Pakistan Studies,37708,37488
Sahiwal,2024,Pakistani Culture,5,5
Sahiwal,2024,Persian,187,183
Sahiwal,2024,Philosophy,20,19
Sahiwal,2024,Physics,23545,18805
Sahiwal,2024,Principles Of Accounting,566,512
Sahiwal,2024,Principles Of Economics,558,536
Sahiwal,2024,Psychology,588,563
Sahiwal,2024,Punjabi,1275,1220
Sahiwal,2024,Sociology,2647,2492
Sahiwal,2024,Statistics,531,414
Sahiwal,2024,Translation Of The Holy Quran,37002,36628
Sahiwal,2024,Urdu,38800,36636
Sahiwal,2024,Urdu (Advance),121,96
Sahiwal,2025,Applied Art,3,3
Sahiwal,2025,Arabic,921,848
Sahiwal,2025,Banking,459,448
Sahiwal,2025,Biology,11326,9465
Sahiwal,2025,Business Math,474,422
Sahiwal,2025,Business Statistics,474,422
Sahiwal,2025,Chemistry,13567,10890
Sahiwal,2025,Child Development And Family Living,3,3
Sahiwal,2025,Civics,5192,4840
Sahiwal,2025,Commercial Geography,464,443
Sahiwal,2025,Computer Science,16850,12732
Sahiwal,2025,Economics,6005,4985
Sahiwal,2025,Education,7506,6389
Sahiwal,2025,English,39555,28879
Sahiwal,2025,English Elective,13,12
Sahiwal,2025,Ethics,270,268
Sahiwal,2025,Fine Arts,27,27
Sahiwal,2025,Food And Nutrition,3,3
Sahiwal,2025,Geography,706,703
Sahiwal,2025,Health & Physical Education,4977,4855
Sahiwal,2025,History Of Indo-Pak,32,26
Sahiwal,2025,History Of Islam,758,595
Sahiwal,2025,History Of Pakistan,166,132
Sahiwal,2025,Islamic Education,2614,2507
Sahiwal,2025,Islamic Studies (Elective),8533,7931
Sahiwal,2025,Library Science,380,371
Sahiwal,2025,Mathematics,13629,8785
Sahiwal,2025,Outlines Of Home Economics,136,136
Sahiwal,2025,Pakistan Studies,36700,36470
Sahiwal,2025,Pakistani Culture,1,1
Sahiwal,2025,Persian,174,168
Sahiwal,2025,Philosophy,15,14
Sahiwal,2025,Physics,20847,17450
Sahiwal,2025,Principles Of Accounting,467,433
Sahiwal,2025,Principles Of Economics,464,443
Sahiwal,2025,Psychology,587,560
Sahiwal,2025,Punjabi,1258,1149
Sahiwal,2025,Sociology,2863,2765
Sahiwal,2025,Statistics,543,466
Sahiwal,2025,Translation Of The Holy Quran,36332,35678
Sahiwal,2025,Urdu,37703,35745
Sahiwal,2025,Urdu (Advance),137,105
Sahiwal,2026,Applied Art,6,6
Sahiwal,2026,Arabic,1016,943
Sahiwal,2026,Biology,11099,8629
Sahiwal,2026,Biology (Practical),10315,10113
Sahiwal,2026,Business Math,406,367
Sahiwal,2026,Chemistry,13073,10174
Sahiwal,2026,Chemistry (Practical),12118,11879
Sahiwal,2026,Child Development And Family Living,6,6
Sahiwal,2026,Civics,5019,4720
Sahiwal,2026,Computer Science,20692,16115
Sahiwal,2026,Computer Science (Practical),19795,19226
Sahiwal,2026,Economics,6635,5850
Sahiwal,2026,Education,7714,7146
Sahiwal,2026,English,43149,33462
Sahiwal,2026,English Elective,13,13
Sahiwal,2026,Ethics,383,380
Sahiwal,2026,Fine Arts,18,18
Sahiwal,2026,Fine Arts (Practical),18,17
Sahiwal,2026,Food And Nutrition,6,6
Sahiwal,2026,Geography,671,670
Sahiwal,2026,Geography (Practical),680,654
Sahiwal,2026,Health & Physical Education,5510,5450
Sahiwal,2026,Health & Physical Education (Practical),5611,5395
Sahiwal,2026,History Of Indo-Pak,40,36
Sahiwal,2026,History Of Islam,872,720
Sahiwal,2026,History Of Pakistan,158,101
Sahiwal,2026,Islamic Education,1909,1849
Sahiwal,2026,Islamic Studies,8817,8364
Sahiwal,2026,Library Science,508,509
Sahiwal,2026,Library Science (Practical),517,501
Sahiwal,2026,Mathematics,16048,11533
Sahiwal,2026,Outlines Of Home Economics,168,168
Sahiwal,2026,Outlines Of Home Economics (Practical),170,165
Sahiwal,2026,Pakistan Studies,39937,39686
Sahiwal,2026,Persian,174,172
Sahiwal,2026,Philosophy,30,28
Sahiwal,2026,Physics,22067,18258
Sahiwal,2026,Physics (Practical),21162,20707
Sahiwal,2026,Principles Of Accounting,404,385
Sahiwal,2026,Principles Of Commerce,397,393
Sahiwal,2026,Principles Of Commerce (Practical),5,5
Sahiwal,2026,Principles Of Economics,400,394
Sahiwal,2026,Psychology,603,599
Sahiwal,2026,Psychology (Practical),617,600
Sahiwal,2026,Punjabi,1325,1269
Sahiwal,2026,Religious Education,12,14
Sahiwal,2026,Sociology,2897,2792
Sahiwal,2026,Statistics,654,531
Sahiwal,2026,Statistics (Practical),652,628
Sahiwal,2026,Translation Of The Holy Quran,39929,39539
Sahiwal,2026,Urdu,40918,39573
Sahiwal,2026,Urdu (Advance),121,91
Swat,2024,Arabic-II,585,565
Swat,2024,Archaeology-II,9,7
Swat,2024,Chemistry-II,24225,23438
Swat,2024,Civics-II,5320,5173
Swat,2024,Computer Science -II,1655,1597
Swat,2024,Computer Science-II,2459,2315
Swat,2024,Economics-II,1109,1093
Swat,2024,Education-II,159,153
Swat,2024,English Advance-II,41,36
Swat,2024,English-II,32743,32322
Swat,2024,Ethics-II,21,20
Swat,2024,General Maths-II,167,46
Swat,2024,Geography-II,45,45
Swat,2024,HPE-II,2780,2735
Swat,2024,Home Economics-II,26,25
Swat,2024,Islamic History-II,2246,2173
Swat,2024,Islamic Studies-II,6199,6038
Swat,2024,Library Science-II,89,84
Swat,2024,Maths-II,2972,2617
Swat,2024,Mutalia Quran-II,30548,30160
Swat,2024,Pakistani Culture-II,15,14
Swat,2024,Pashtu-II,2427,2353
Swat,2024,Physics-II,25468,24654
Swat,2024,Psychology-II,143,142
Swat,2024,Statistics-II,157,151
Swat,2024,Urdu-II,32816,31952
Swat,2025,Arabic-II,460,451
Swat,2025,Archaeology-II,35,33
Swat,2025,Chemistry-II,22446,20408
Swat,2025,Civics-II,4433,4303
Swat,2025,Computer Science-II,2122,2075
Swat,2025,Economics-I,1127,1115
Swat,2025,Education-II,100,91
Swat,2025,English Advance-II,48,29
Swat,2025,English-II,30323,29842
Swat,2025,Ethics-II,35,35
Swat,2025,General Math-II,107,98
Swat,2025,Geography-II,27,27
Swat,2025,Health and Physical Education-II,2232,2198
Swat,2025,Home Economics-II,123,99
Swat,2025,Islamic History-II,1640,1585
Swat,2025,Islamic Studies-II,4958,4811
Swat,2025,Library Science-II,98,98
Swat,2025,Mathematics-II,3423,3111
Swat,2025,Mutaliae-Quran-e-Hakeem-II,29744,29350
Swat,2025,Pakistani Culture-II,5,5
Swat,2025,Pashto-II,2135,2046
Swat,2025,Physics-II,24438,23363
Swat,2025,Psychology-II,151,132
Swat,2025,Statistics-II,292,280
Swat,2025,Urdu Advance-II,282,248
Swat,2025,Urdu-II,30487,30033
Swat,2026,Arabic-II,238,237
Swat,2026,Archaeology-II,10,8
Swat,2026,Biology-II,22557,21994
Swat,2026,Chemistry-II,24214,22391
Swat,2026,Civics-II,3207,3050
Swat,2026,Computer Science-II,2388,2294
Swat,2026,Economics-II,1010,988
Swat,2026,Education-II,128,114
Swat,2026,English Advance-II,37,21
Swat,2026,English-II,30177,29466
Swat,2026,Ethics-II,36,36
Swat,2026,General Math-II,79,63
Swat,2026,Geography-II,18,18
Swat,2026,Health and Physical Education-II,1662,1623
Swat,2026,Home Economics-II,56,50
Swat,2026,Islamic History-II,1104,1063
Swat,2026,Islamic Studies-II,3179,3041
Swat,2026,Library Science-II,51,44
Swat,2026,Mathematics-II,3745,3004
Swat,2026,Mutaliae-Quran-e-Hakeem-II,30138,29686
Swat,2026,Pakistani Culture-II,7,7
Swat,2026,Pashto-II,1926,1877
Swat,2026,Physics-II,25472,22954
Swat,2026,Psychology-II,110,99
Swat,2026,Statistics-II,348,328
Swat,2026,Urdu Advance-II,187,154
Swat,2026,Urdu-II,30081,29316
