Board,Year,Appeared,Passed
Pes,2024,86789,76090
Pes,2025,91589,76484
Pes,2026,95496,66988
Swat,2024,46106,38235
Swat,2026,46484,36639
Ban,2024,30513,24222
Ban,2025,27286,23135
Ban,2026,29240,25762
Abb,2024,72305,57981
Abb,2025,71629,57543
Abb,2026,72677,57952
Sar,2024,96993,75273
Sar,2026,100611,68637
Mar,2024,74437,66873
Mar,2025,76900,57880
Mar,2026,77544,62049
Koh,2024,47532,42641
Koh,2025,49225,31995
Koh,2026,51138,23859
DGK,2024,93228,76805
DGK,2025,91180,74179
DGK,2026,96482,75124
SWL,2024,73159,53206
SWL,2025,71789,48680
SWL,2026,84159,54788
FBISE,2024,127833,112751
FBISE,2025,136845,121120
FBISE,2026,140226,128070
RWP,2024,119265,87639
RWP,2025,119293,75000
RWP,2026,120411,73829
FSD,2024,174568,139213
FSD,2025,173239,137948
FSD,2026,192925,144089
LHR,2024,250227,174537
LHR,2025,254012,165912
LHR,2026,282308,182186
BWP,2024,95240,71892
BWP,2025,90493,62860
BWP,2026,96245,63012
GRW,2024,224537,168254
GRW,2025,225071,158863
GRW,2026,242192,168266
